Workbook
Name Annual_: [1]Annual!$B$25:$X$660
Name ECON_: [1]Econ!$D$62:$AX$133
Name FA_: [1]ForecastA!$B$27:$X$998
Name FQ_: [1]ForecastQ!$B$27:$AM$415
Name HA_: [1]SummarizeA!$B$15:$AR$731
Name HA__: [1]SummarizeA!$B$732:$AR$826
Name HQ_: [1]SummarizeQ!$B$15:$CN$731
Name Lan: [1]Setting!#REF!
Name Lan: [1]Setting!#REF!
Name Lan: [1]Setting!#REF!
Name Lang: [1]Setting!$AC$9
Name Parent_: [1]Setting!$AC$22
Name Quarter_: [1]Quarter!$B$25:$AG$699
Name rawA_: [1]DetailA!$B$2:$AM$2499
Name rawA__: [1]DetailA!$B$2500:$AM$2700
Name RawQQ_: [1]DetailQQ!$B$2:$DC$2499
Name RawQQ__: [1]DetailQQ!$B$2500:$DC$2700
Name RawQR_: [1]DetailQQ!$B$2:$DC$2499
Name REC_: [1]Setting!$AH$9
Name U_: [1]Setting!$AD$15
Name U_R: [1]Report1!$S$5
Name U_RR: [1]Report2!$W$22
Name U_RRR: [1]Report3!$N$22
Name Unit_: [1]Setting!$AB$16
Name Unit_R: [1]Report1!$Q$6
Name Unit_RR: [1]Report2!$U$23
Name Unit_RR_US: [1]Report2_USD!$U$23
Name Unit_RRR: [1]Report3!$L$23
Name Update_: [1]Setting!$AK$34

Sheet Monthly
D2: Key Indicators | DA2: 청명절 4.5~7 | DB2: 노동절 5.1~4 | DC2: =SUM(DA11:DC11)/DC3*1000000000 -> 21251792 | DJ2: 춘절 1.24~ | DK2: 춘절 역기저 | DL2: Covid-19 | FV2: =FW2/DC2 -> 1.7196522 | FW2: =SUM(FU13:FW13)/FW3*1000000000 -> 36545691
D3: Paradise Monthly | DC3: =SUM(DA43:DC43) -> 22323 | FU3: =FU4/DA4 -> 1.3905557 | FW3: =SUM(FU43:FW43) -> 21536
D4: All Formula - No Key-in | X4: >city Grand | AJ4: >Incheon | BH4: >Busan | DA4: =SUM(CX13:DA13)*10^3/SUM(CX43:DA43) -> 26.429645 | FU4: =SUM(FR13:FU13)*10^3/SUM(FR43:FU43) -> 36.751893 | FW4: =FW3/DC3 -> 0.96474488 | GH4: ■ CHART DATA (Auto; Monthly를 Column Add 해서 밀면 저절로 밀림, 건드리지 말 것)
F5: =G5-1 -> 4 | G5: =H5-1 -> 5 | H5: =I5-1 -> 6 | I5: =J5-1 -> 7 | J5: =K5-1 -> 8 | K5: =L5-1 -> 9 | L5: =M5-1 -> 10 | M5: =N5-1 -> 11 | ... Q5: =R5-1 -> 15 | R5: 16 | S5: =R5+1 -> 17 | T5: =S5+1 -> 18 | U5: =T5+1 -> 19 | V5: =U5+1 -> 20 | W5: =V5+1 -> 21 | X5: =W5+1 -> 22 | Y5: =X5+1 -> 23 | Z5: =Y5+1 -> 24 | ... FS5: =FR5+1 -> 173 | FT5: 174 | FU5: 175 | FV5: 176 | FW5: 177 | FX5: 178 | FY5: 179 | FZ5: 180 | GA5: 181 | GB5: 182 | GC5: 183 | GD5: 184 | GE5: 185 | GS5: 17
F6: =IF(TEXT(F7,"MM")<="03","1Q"&TEXT(F7,"YY"),IF(TEXT(F7,"MM")<="06","2Q"&TEXT(F7,"YY"),IF(TEXT(F7,"MM")<="09","3Q"&TEXT(F7,"YY"),IF(TEXT(F7,"MM")<="12","4Q"&TEXT(F7,"YY"),"X")))) -> 1Q11 | G6: =IF(TEXT(G7,"MM")<="03","1Q"&TEXT(G7,"YY"),IF(TEXT(G7,"MM")<="06","2Q"&TEXT(G7,"YY"),IF(TEXT(G7,"MM")<="09","3Q"&TEXT(G7,"YY"),IF(TEXT(G7,"MM")<="12","4Q"&TEXT(G7,"YY"),"X")))) -> 1Q11 | H6: =IF(TEXT(H7,"MM")<="03","1Q"&TEXT(H7,"YY"),IF(TEXT(H7,"MM")<="06","2Q"&TEXT(H7,"YY"),IF(TEXT(H7,"MM")<="09","3Q"&TEXT(H7,"YY"),IF(TEXT(H7,"MM")<="12","4Q"&TEXT(H7,"YY"),"X")))) -> 1Q11 | I6: =IF(TEXT(I7,"MM")<="03","1Q"&TEXT(I7,"YY"),IF(TEXT(I7,"MM")<="06","2Q"&TEXT(I7,"YY"),IF(TEXT(I7,"MM")<="09","3Q"&TEXT(I7,"YY"),IF(TEXT(I7,"MM")<="12","4Q"&TEXT(I7,"YY"),"X")))) -> 2Q11 | J6: =IF(TEXT(J7,"MM")<="03","1Q"&TEXT(J7,"YY"),IF(TEXT(J7,"MM")<="06","2Q"&TEXT(J7,"YY"),IF(TEXT(J7,"MM")<="09","3Q"&TEXT(J7,"YY"),IF(TEXT(J7,"MM")<="12","4Q"&TEXT(J7,"YY"),"X")))) -> 2Q11 | K6: =IF(TEXT(K7,"MM")<="03","1Q"&TEXT(K7,"YY"),IF(TEXT(K7,"MM")<="06","2Q"&TEXT(K7,"YY"),IF(TEXT(K7,"MM")<="09","3Q"&TEXT(K7,"YY"),IF(TEXT(K7,"MM")<="12","4Q"&TEXT(K7,"YY"),"X")))) -> 2Q11 | L6: =IF(TEXT(L7,"MM")<="03","1Q"&TEXT(L7,"YY"),IF(TEXT(L7,"MM")<="06","2Q"&TEXT(L7,"YY"),IF(TEXT(L7,"MM")<="09","3Q"&TEXT(L7,"YY"),IF(TEXT(L7,"MM")<="12","4Q"&TEXT(L7,"YY"),"X")))) -> 3Q11 | M6: =IF(TEXT(M7,"MM")<="03","1Q"&TEXT(M7,"YY"),IF(TEXT(M7,"MM")<="06","2Q"&TEXT(M7,"YY"),IF(TEXT(M7,"MM")<="09","3Q"&TEXT(M7,"YY"),IF(TEXT(M7,"MM")<="12","4Q"&TEXT(M7,"YY"),"X")))) -> 3Q11 | ... GE6: =IF(TEXT(GE7,"MM")<="03","1Q"&TEXT(GE7,"YY"),IF(TEXT(GE7,"MM")<="06","2Q"&TEXT(GE7,"YY"),IF(TEXT(GE7,"MM")<="09","3Q"&TEXT(GE7,"YY"),IF(TEXT(GE7,"MM")<="12","4Q"&TEXT(GE7,"YY"),"X")))) -> 1Q26 | GI6: =GI7 -> 45659 | GJ6: =GJ7 -> 45689 | GK6: =GK7 -> 45717 | GL6: =GL7 -> 45749 | GM6: =GM7 -> 45780 | GN6: =GN7 -> 45812 | GO6: =GO7 -> 45843 | GP6: =GP7 -> 45875 | ... GV6: =GV7 -> 46054
D7: (Wbn,%, Persons) | F7: 40544 | G7: 40575 | H7: 40603 | I7: 40634 | J7: 40664 | K7: 40695 | L7: 40725 | M7: 40756 | N7: 40787 | O7: 40817 | P7: 40848 | Q7: 40878 | R7: 40909 | S7: 40940 | T7: 40969 | U7: 41000 | V7: 41030 | W7: 41061 | X7: 41091 | Y7: 41122 | Z7: 41153 | AA7: 41183 | AB7: 41214 | AC7: 41244 | AD7: 41275 | AE7: 41306 | AF7: 41334 | AG7: 41365 | AH7: 41395 | AI7: 41426 | AJ7: 41456 | AK7: 41487 | AL7: 41518 | AM7: 41548 | AN7: 41579 | AO7: 41609 | AP7: 41640 | AQ7: 41671 | AR7: 41699 | AS7: 41730 | AT7: 41760 | AU7: 41791 | AV7: 41821 | AW7: 41852 | AX7: 41883 | AY7: 41913 | AZ7: 41944 | BA7: 41974 | BB7: 42005 | BC7: 42036 | BD7: 42064 | BE7: 42095 | BF7: 42125 | BG7: 42156 | BH7: 42186 | BI7: 42217 | BJ7: 42248 | BK7: 42278 | BL7: 42309 | BM7: 42339 | BN7: 42370 | BO7: 42401 | BP7: 42430 | BQ7: 42461 | BR7: 42491 | BS7: 42522 | BT7: 42552 | BU7: 42583 | BV7: 42614 | BW7: 42644 | BX7: 42675 | BY7: 42705 | BZ7: 42736 | CA7: 42767 | CB7: 42795 | CC7: 42826 | CD7: 42856 | CE7: 42887 | CF7: 42917 | CG7: 42948 | CH7: 42979 | CI7: 43009 | CJ7: 43040 | CK7: 43070 | CL7: 43101 | CM7: 43132 | CN7: 43160 | CO7: 43191 | CP7: 43221 | CQ7: 43252 | CR7: 43282 | CS7: 43313 | CT7: 43344 | CU7: 43374 | CV7: 43405 | CW7: 43435 | CX7: 43466 | CY7: 43497 | CZ7: 43525 | DA7: 43556 | DB7: 43586 | DC7: 43617 | DD7: 43647 | DE7: 43678 | DF7: 43709 | DG7: 43739 | DH7: 43770 | DI7: 43800 | DJ7: 43831 | DK7: 43862 | DL7: 43891 | DM7: 43922 | DN7: 43952 | DO7: 43983 | DP7: 44013 | DQ7: 44044 | DR7: 44075 | DS7: 44105 | DT7: 44136 | DU7: 44166 | DV7: 44197 | DW7: 44228 | DX7: 44256 | DY7: 44287 | DZ7: 44317 | EA7: 44348 | EB7: 44378 | EC7: 44409 | ED7: 44440 | EE7: 44470 | EF7: 44501 | EG7: 44531 | EH7: 44562 | EI7: 44593 | EJ7: 44621 | EK7: 44652 | EL7: 44682 | EM7: 44713 | EN7: 44743 | EO7: 44774 | EP7: 44805 | EQ7: 44835 | ER7: 44866 | ES7: 44896 | ET7: 44927 | EU7: 44958 | EV7: 44986 | EW7: 45017 | EX7: 45047 | EY7: 45078 | EZ7: 45108 | FA7: 45139 | FB7: 45170 | FC7: 45200 | FD7: 45231 | FE7: 45261 | FF7: 45292 | FG7: 45323 | FH7: 45352 | FI7: 45383 | FJ7: 45413 | FK7: 45444 | FL7: 45474 | FM7: 45535 | FN7: 45565 | FO7: 45596 | FP7: 45597 | FQ7: 45627 | FR7: 45659 | FS7: 45689 | FT7: 45717 | FU7: 45749 | FV7: 45780 | FW7: 45812 | FX7: 45843 | FY7: 45875 | FZ7: 45907 | GA7: 45938 | GB7: 45970 | GC7: 46000 | GD7: 46031 | GE7: 46054 | GI7: =INDEX($7:$7,1,COLUMN(GI7)-$GS$5) -> 45659 | GJ7: =INDEX($7:$7,1,COLUMN(GJ7)-$GS$5) -> 45689 | GK7: =INDEX($7:$7,1,COLUMN(GK7)-$GS$5) -> 45717 | GL7: =INDEX($7:$7,1,COLUMN(GL7)-$GS$5) -> 45749 | GM7: =INDEX($7:$7,1,COLUMN(GM7)-$GS$5) -> 45780 | GN7: =INDEX($7:$7,1,COLUMN(GN7)-$GS$5) -> 45812 | GO7: =INDEX($7:$7,1,COLUMN(GO7)-$GS$5) -> 45843 | GP7: =INDEX($7:$7,1,COLUMN(GP7)-$GS$5) -> 45875 | ... GV7: =INDEX($7:$7,1,COLUMN(GV7)-$GS$5) -> 46054
D8: Consolidated | GH8: 전체 드롭액(좌) | GI8: =INDEX($9:$9,1,COLUMN(GI8)-$GS$5) -> 579.445 | GJ8: =INDEX($9:$9,1,COLUMN(GJ8)-$GS$5) -> 525.715 | GK8: =INDEX($9:$9,1,COLUMN(GK8)-$GS$5) -> 589.072 | GL8: =INDEX($9:$9,1,COLUMN(GL8)-$GS$5) -> 609.466 | GM8: =INDEX($9:$9,1,COLUMN(GM8)-$GS$5) -> 644.228 | GN8: =INDEX($9:$9,1,COLUMN(GN8)-$GS$5) -> 581.352 | GO8: =INDEX($9:$9,1,COLUMN(GO8)-$GS$5) -> 583.926 | GP8: =INDEX($9:$9,1,COLUMN(GP8)-$GS$5) -> 656.313 | ... GV8: =INDEX($9:$9,1,COLUMN(GV8)-$GS$5) -> 535.58758
D9: 드롭액 | E9: Drop | F9: =SUM(F69,F142,F92,F119) -> 317.69378 | G9: =SUM(G69,G142,G92,G119) -> 338.82352 | H9: =SUM(H69,H142,H92,H119) -> 297.04617 | I9: =SUM(I69,I142,I92,I119) -> 314.50209 | J9: =SUM(J69,J142,J92,J119) -> 353.29179 | K9: =SUM(K69,K142,K92,K119) -> 327.98878 | L9: =SUM(L69,L142,L92,L119) -> 342.24757 | M9: =SUM(M69,M142,M92,M119) -> 356.65924 | ... GE9: =SUM(GE69,GE142,GE92,GE119) -> 535.58758 | GH9: 전체%y-y(우) | GI9: =INDEX($10:$10,1,COLUMN(GI9)-$GS$5)*100 -> 1.8471413 | GJ9: =INDEX($10:$10,1,COLUMN(GJ9)-$GS$5)*100 -> -7.0240288 | GK9: =INDEX($10:$10,1,COLUMN(GK9)-$GS$5)*100 -> -1.0352271 | GL9: =INDEX($10:$10,1,COLUMN(GL9)-$GS$5)*100 -> 7.6450817 | GM9: =INDEX($10:$10,1,COLUMN(GM9)-$GS$5)*100 -> 6.3781163 | GN9: =INDEX($10:$10,1,COLUMN(GN9)-$GS$5)*100 -> 9.3099779 | GO9: =INDEX($10:$10,1,COLUMN(GO9)-$GS$5)*100 -> 7.7006502 | GP9: =INDEX($10:$10,1,COLUMN(GP9)-$GS$5)*100 -> -1.6709465 | ... GV9: =INDEX($10:$10,1,COLUMN(GV9)-$GS$5)*100 -> 1.877933
D10: y-y(%) | E10: Growth Rate(y-y) | S10: =S9/G9-1 -> 0.04962062 | T10: =T9/H9-1 -> 0.31261474 | U10: =U9/I9-1 -> 0.20706493 | V10: =V9/J9-1 -> 0.014703339 | W10: =W9/K9-1 -> 0.18811968 | X10: =X9/L9-1 -> 0.22150324 | Y10: =Y9/M9-1 -> 0.10608842 | Z10: =Z9/N9-1 -> 0.04319087 | ... GE10: =GE9/FS9-1 -> 0.01877933 | GH10: 매스 드롭액(좌) | GI10: =INDEX($17:$17,1,COLUMN(GI10)-$GS$5) -> 129.355 | GJ10: =INDEX($17:$17,1,COLUMN(GJ10)-$GS$5) -> 110.643 | GK10: =INDEX($17:$17,1,COLUMN(GK10)-$GS$5) -> 127.017 | GL10: =INDEX($17:$17,1,COLUMN(GL10)-$GS$5) -> 124.99 | GM10: =INDEX($17:$17,1,COLUMN(GM10)-$GS$5) -> 136.879 | GN10: =INDEX($17:$17,1,COLUMN(GN10)-$GS$5) -> 130.749 | GO10: =INDEX($17:$17,1,COLUMN(GO10)-$GS$5) -> 141.343 | GP10: =INDEX($17:$17,1,COLUMN(GP10)-$GS$5) -> 153.371 | ... GV10: =INDEX($17:$17,1,COLUMN(GV10)-$GS$5) -> 132.08001
D11: 중국인 VIP | E11: China VIP | F11: =SUM(F71,F144,F94,F121) -> 168.55735 | G11: =SUM(G71,G144,G94,G121) -> 187.41253 | H11: =SUM(H71,H144,H94,H121) -> 123.79515 | I11: =SUM(I71,I144,I94,I121) -> 145.48701 | J11: =SUM(J71,J144,J94,J121) -> 175.16384 | K11: =SUM(K71,K144,K94,K121) -> 180.70392 | L11: =SUM(L71,L144,L94,L121) -> 172.94715 | M11: =SUM(M71,M144,M94,M121) -> 181.33545 | ... GE11: =SUM(GE71,GE144,GE94,GE121) -> 83.853194 | GH11: 매스%y-y(우) | GI11: =INDEX($18:$18,1,COLUMN(GI11)-$GS$5)*100 -> 0.93557851 | GJ11: =INDEX($18:$18,1,COLUMN(GJ11)-$GS$5)*100 -> -1.0384244 | GK11: =INDEX($18:$18,1,COLUMN(GK11)-$GS$5)*100 -> 2.8036551 | GL11: =INDEX($18:$18,1,COLUMN(GL11)-$GS$5)*100 -> 3.4848196 | GM11: =INDEX($18:$18,1,COLUMN(GM11)-$GS$5)*100 -> 11.129243 | GN11: =INDEX($18:$18,1,COLUMN(GN11)-$GS$5)*100 -> 9.7596602 | GO11: =INDEX($18:$18,1,COLUMN(GO11)-$GS$5)*100 -> 16.471645 | GP11: =INDEX($18:$18,1,COLUMN(GP11)-$GS$5)*100 -> 21.64964 | ... GV11: =INDEX($18:$18,1,COLUMN(GV11)-$GS$5)*100 -> 19.374938
D12: y-y(%) | E12: Growth Rate(y-y) | S12: =S11/G11-1 -> 0.067441882 | T12: =T11/H11-1 -> 0.75976332 | U12: =U11/I11-1 -> 0.57483908 | V12: =V11/J11-1 -> 0.18971969 | W12: =W11/K11-1 -> 0.23601509 | X12: =X11/L11-1 -> 0.38716376 | Y12: =Y11/M11-1 -> 0.27205105 | Z12: =Z11/N11-1 -> 0.24541943 | ... GE12: =GE11/FS11-1 -> -0.22020241 | GH12: 워커힐 | GI12: =INDEX($69:$69,1,COLUMN(GI12)-$GS$5) -> 222.827 | GJ12: =INDEX($69:$69,1,COLUMN(GJ12)-$GS$5) -> 207.574 | GK12: =INDEX($69:$69,1,COLUMN(GK12)-$GS$5) -> 242.82 | GL12: =INDEX($69:$69,1,COLUMN(GL12)-$GS$5) -> 216.184 | GM12: =INDEX($69:$69,1,COLUMN(GM12)-$GS$5) -> 242.292 | GN12: =INDEX($69:$69,1,COLUMN(GN12)-$GS$5) -> 205.9 | GO12: =INDEX($69:$69,1,COLUMN(GO12)-$GS$5) -> 198.609 | GP12: =INDEX($69:$69,1,COLUMN(GP12)-$GS$5) -> 220.714 | ... GV12: =INDEX($69:$69,1,COLUMN(GV12)-$GS$5) -> 190.07046
D13: 일본인 VIP | E13: Japan VIP | F13: =SUM(F72,F145,F95,F122) -> 80.952128 | G13: =SUM(G72,G145,G95,G122) -> 95.170045 | H13: =SUM(H72,H145,H95,H122) -> 90.428219 | I13: =SUM(I72,I145,I95,I122) -> 98.587848 | J13: =SUM(J72,J145,J95,J122) -> 103.06093 | K13: =SUM(K72,K145,K95,K122) -> 77.99186 | L13: =SUM(L72,L145,L95,L122) -> 87.852964 | M13: =SUM(M72,M145,M95,M122) -> 86.426677 | ... GE13: =SUM(GE72,GE145,GE95,GE122) -> 211.97106 | GH13: 제주 | GI13: =INDEX($142:$142,1,COLUMN(GI13)-$GS$5) -> 13.372 | GJ13: =INDEX($142:$142,1,COLUMN(GJ13)-$GS$5) -> 9.923 | GK13: =INDEX($142:$142,1,COLUMN(GK13)-$GS$5) -> 16.607 | GL13: =INDEX($142:$142,1,COLUMN(GL13)-$GS$5) -> 16.302 | GM13: =INDEX($142:$142,1,COLUMN(GM13)-$GS$5) -> 13.67 | GN13: =INDEX($142:$142,1,COLUMN(GN13)-$GS$5) -> 13.724 | GO13: =INDEX($142:$142,1,COLUMN(GO13)-$GS$5) -> 13.609 | GP13: =INDEX($142:$142,1,COLUMN(GP13)-$GS$5) -> 14.57 | ... GV13: =INDEX($142:$142,1,COLUMN(GV13)-$GS$5) -> 15.06276
D14: y-y(%) | E14: Growth Rate(y-y) | S14: =S13/G13-1 -> -0.00041404835 | T14: =T13/H13-1 -> 0.04689169 | U14: =U13/I13-1 -> -0.18302579 | V14: =V13/J13-1 -> -0.14473868 | W14: =W13/K13-1 -> 0.20831628 | X14: =X13/L13-1 -> 0.17832249 | Y14: =Y13/M13-1 -> 0.030662026 | Z14: =Z13/N13-1 -> -0.19292086 | ... GE14: =GE13/FS13-1 -> -0.00315993 | GH14: P-City | GI14: =INDEX($92:$92,1,COLUMN(GI14)-$GS$5) -> 312.474 | GJ14: =INDEX($92:$92,1,COLUMN(GJ14)-$GS$5) -> 273.743 | GK14: =INDEX($92:$92,1,COLUMN(GK14)-$GS$5) -> 290.088 | GL14: =INDEX($92:$92,1,COLUMN(GL14)-$GS$5) -> 334.748 | GM14: =INDEX($92:$92,1,COLUMN(GM14)-$GS$5) -> 339.586 | GN14: =INDEX($92:$92,1,COLUMN(GN14)-$GS$5) -> 322.11 | GO14: =INDEX($92:$92,1,COLUMN(GO14)-$GS$5) -> 329.776 | GP14: =INDEX($92:$92,1,COLUMN(GP14)-$GS$5) -> 364.764 | ... GV14: =INDEX($92:$92,1,COLUMN(GV14)-$GS$5) -> 273.51478
D15: 기타 VIP | E15: Others VIP | F15: =SUM(F73,F146,F96,F123) -> 40.347536 | G15: =SUM(G73,G146,G96,G123) -> 30.738883 | H15: =SUM(H73,H146,H96,H123) -> 52.518558 | I15: =SUM(I73,I146,I96,I123) -> 41.105644 | J15: =SUM(J73,J146,J96,J123) -> 43.880898 | K15: =SUM(K73,K146,K96,K123) -> 37.876052 | L15: =SUM(L73,L146,L96,L123) -> 47.018601 | M15: =SUM(M73,M146,M96,M123) -> 45.156507 | ... BK15: =SUM(BK73,BK146,BK96,BK123) -> 46.336234 | BL15: =SUM(BL73,F130,BL96,BL123) -> 48.920467 | BM15: =SUM(BM73,BM146,BM96,BM123) -> 54.151005 | BN15: =SUM(BN73,BN146,BN96,BN123) -> 56.359603 | BO15: =SUM(BO73,BO146,BO96,BO123) -> 49.079019 | BP15: =SUM(BP73,BP146,BP96,BP123) -> 57.770647 | BQ15: =SUM(BQ73,BQ146,BQ96,BQ123) -> 56.847843 | BR15: =SUM(BR73,BR146,BR96,BR123) -> 56.644337 | BS15: =SUM(BS73,BS146,BS96,BS123) -> 48.842771 | BT15: =SUM(BT73,BT146,BT96,BT123) -> 49.985782 | ... GE15: =SUM(GE73,GE146,GE96,GE123) -> 107.68331 | GH15: 부산 | GI15: =INDEX($119:$119,1,COLUMN(GI15)-$GS$5) -> 30.772 | GJ15: =INDEX($119:$119,1,COLUMN(GJ15)-$GS$5) -> 34.475 | GK15: =INDEX($119:$119,1,COLUMN(GK15)-$GS$5) -> 39.557 | GL15: =INDEX($119:$119,1,COLUMN(GL15)-$GS$5) -> 42.232 | GM15: =INDEX($119:$119,1,COLUMN(GM15)-$GS$5) -> 48.68 | GN15: =INDEX($119:$119,1,COLUMN(GN15)-$GS$5) -> 39.618 | GO15: =INDEX($119:$119,1,COLUMN(GO15)-$GS$5) -> 41.932 | GP15: =INDEX($119:$119,1,COLUMN(GP15)-$GS$5) -> 56.265 | ... GV15: =INDEX($119:$119,1,COLUMN(GV15)-$GS$5) -> 56.939577
D16: y-y(%) | E16: Growth Rate(y-y) | S16: =S15/G15-1 -> 0.067489407 | T16: =T15/H15-1 -> -0.21086704 | U16: =U15/I15-1 -> -0.095100006 | V16: =V15/J15-1 -> -0.2957267 | W16: =W15/K15-1 -> -0.0097074795 | X16: =X15/L15-1 -> -0.11798337 | Y16: =Y15/M15-1 -> -0.065799886 | Z16: =Z15/N15-1 -> 0.0046152414 | ... GE16: =GE15/FS15-1 -> 0.13475074 | GH16: 전체VIP | GI16: =INDEX($11:$11,1,COLUMN(GI16)-$GS$5)+INDEX($13:$13,1,COLUMN(GI16)-$GS$5)+INDEX($15:$15,1,COLUMN(GI16)-$GS$5) -> 450.09 | GJ16: =INDEX($11:$11,1,COLUMN(GJ16)-$GS$5)+INDEX($13:$13,1,COLUMN(GJ16)-$GS$5)+INDEX($15:$15,1,COLUMN(GJ16)-$GS$5) -> 415.071 | GK16: =INDEX($11:$11,1,COLUMN(GK16)-$GS$5)+INDEX($13:$13,1,COLUMN(GK16)-$GS$5)+INDEX($15:$15,1,COLUMN(GK16)-$GS$5) -> 462.05496 | GL16: =INDEX($11:$11,1,COLUMN(GL16)-$GS$5)+INDEX($13:$13,1,COLUMN(GL16)-$GS$5)+INDEX($15:$15,1,COLUMN(GL16)-$GS$5) -> 484.477 | GM16: =INDEX($11:$11,1,COLUMN(GM16)-$GS$5)+INDEX($13:$13,1,COLUMN(GM16)-$GS$5)+INDEX($15:$15,1,COLUMN(GM16)-$GS$5) -> 507.35 | GN16: =INDEX($11:$11,1,COLUMN(GN16)-$GS$5)+INDEX($13:$13,1,COLUMN(GN16)-$GS$5)+INDEX($15:$15,1,COLUMN(GN16)-$GS$5) -> 450.603 | GO16: =INDEX($11:$11,1,COLUMN(GO16)-$GS$5)+INDEX($13:$13,1,COLUMN(GO16)-$GS$5)+INDEX($15:$15,1,COLUMN(GO16)-$GS$5) -> 442.582 | GP16: =INDEX($11:$11,1,COLUMN(GP16)-$GS$5)+INDEX($13:$13,1,COLUMN(GP16)-$GS$5)+INDEX($15:$15,1,COLUMN(GP16)-$GS$5) -> 502.942 | ... GV16: =INDEX($11:$11,1,COLUMN(GV16)-$GS$5)+INDEX($13:$13,1,COLUMN(GV16)-$GS$5)+INDEX($15:$15,1,COLUMN(GV16)-$GS$5) -> 403.50756
D17: 매스 | E17: Mass | F17: =SUM(F74,F147,F97,F124) -> 27.836763 | G17: =SUM(G74,G147,G97,G124) -> 25.502057 | H17: =SUM(H74,H147,H97,H124) -> 30.304238 | I17: =SUM(I74,I147,I97,I124) -> 29.321592 | J17: =SUM(J74,J147,J97,J124) -> 31.186132 | K17: =SUM(K74,K147,K97,K124) -> 31.416951 | L17: =SUM(L74,L147,L97,L124) -> 34.428856 | M17: =SUM(M74,M147,M97,M124) -> 43.740602 | ... BK17: =SUM(BK74,BK147,BK97,BK124) -> 45.75965 | BL17: =SUM(BL74,F131,BL97,BL124) -> 36.010456 | BM17: =SUM(BM74,BM147,BM97,BM124) -> 43.769561 | BN17: =SUM(BN74,BN147,BN97,BN124) -> 40.662433 | BO17: =SUM(BO74,BO147,BO97,BO124) -> 40.487021 | BP17: =SUM(BP74,BP147,BP97,BP124) -> 39.478178 | BQ17: =SUM(BQ74,BQ147,BQ97,BQ124) -> 44.4981 | BR17: =SUM(BR74,BR147,BR97,BR124) -> 48.919375 | BS17: =SUM(BS74,BS147,BS97,BS124) -> 49.030206 | BT17: =SUM(BT74,BT147,BT97,BT124) -> 53.905196 | ... GE17: =SUM(GE74,GE147,GE97,GE124) -> 132.08001 | GH17: 중국VIP | GI17: =INDEX($11:$11,1,COLUMN(GI17)-$GS$5) -> 98.808 | GJ17: =INDEX($11:$11,1,COLUMN(GJ17)-$GS$5) -> 107.532 | GK17: =INDEX($11:$11,1,COLUMN(GK17)-$GS$5) -> 96.622155 | GL17: =INDEX($11:$11,1,COLUMN(GL17)-$GS$5) -> 95.553 | GM17: =INDEX($11:$11,1,COLUMN(GM17)-$GS$5) -> 91.327 | GN17: =INDEX($11:$11,1,COLUMN(GN17)-$GS$5) -> 106.089 | GO17: =INDEX($11:$11,1,COLUMN(GO17)-$GS$5) -> 104.942 | GP17: =INDEX($11:$11,1,COLUMN(GP17)-$GS$5) -> 113.886 | ... GV17: =INDEX($11:$11,1,COLUMN(GV17)-$GS$5) -> 83.853194
D18: y-y(%) | E18: Growth Rate(y-y) | S18: =S17/G17-1 -> 0.083837747 | T18: =T17/H17-1 -> 0.18611572 | U18: =U17/I17-1 -> 0.11745621 | V18: =V17/J17-1 -> -0.0046111522 | W18: =W17/K17-1 -> 0.1009964 | X18: =X17/L17-1 -> -0.036849032 | Y18: =Y17/M17-1 -> -0.25545625 | Z18: =Z17/N17-1 -> 0.019273853 | ... GE18: =GE17/FS17-1 -> 0.19374938 | GH18: 일본VIP | GI18: =INDEX($13:$13,1,COLUMN(GI18)-$GS$5) -> 259.406 | GJ18: =INDEX($13:$13,1,COLUMN(GJ18)-$GS$5) -> 212.643 | GK18: =INDEX($13:$13,1,COLUMN(GK18)-$GS$5) -> 248.42702 | GL18: =INDEX($13:$13,1,COLUMN(GL18)-$GS$5) -> 260.432 | GM18: =INDEX($13:$13,1,COLUMN(GM18)-$GS$5) -> 286.386 | GN18: =INDEX($13:$13,1,COLUMN(GN18)-$GS$5) -> 240.23 | GO18: =INDEX($13:$13,1,COLUMN(GO18)-$GS$5) -> 237.036 | GP18: =INDEX($13:$13,1,COLUMN(GP18)-$GS$5) -> 289.936 | ... GV18: =INDEX($13:$13,1,COLUMN(GV18)-$GS$5) -> 211.97106
D19: 정킷(롤링칩) | E19: Rolling Chip Rate | F19: =SUM(F75,F148,F98,F125) -> 0 | G19: =SUM(G75,G148,G98,G125) -> 0 | H19: =SUM(H75,H148,H98,H125) -> 0 | I19: =SUM(I75,I148,I98,I125) -> 0 | J19: =SUM(J75,J148,J98,J125) -> 0 | K19: =SUM(K75,K148,K98,K125) -> 0 | L19: =SUM(L75,L148,L98,L125) -> 0 | M19: =SUM(M75,M148,M98,M125) -> 0 | ... GE19: =SUM(GE75,GE148,GE98,GE125) -> 0 | GH19: 매출액(좌) | GI19: =INDEX($22:$22,1,COLUMN(GI19)-$GS$5) -> 71.749 | GJ19: =INDEX($22:$22,1,COLUMN(GJ19)-$GS$5) -> 70.217 | GK19: =INDEX($22:$22,1,COLUMN(GK19)-$GS$5) -> 81.921 | GL19: =INDEX($22:$22,1,COLUMN(GL19)-$GS$5) -> 67.234 | GM19: =INDEX($22:$22,1,COLUMN(GM19)-$GS$5) -> 81.749 | GN19: =INDEX($22:$22,1,COLUMN(GN19)-$GS$5) -> 80.802 | GO19: =INDEX($22:$22,1,COLUMN(GO19)-$GS$5) -> 75.201 | GP19: =INDEX($22:$22,1,COLUMN(GP19)-$GS$5) -> 79.391 | ... GV19: =INDEX($22:$22,1,COLUMN(GV19)-$GS$5) -> 89.509075
D20: W/L | E20: Win/Loss | F20: =SUM(F76,F149,F99,F126) -> 0 | G20: =SUM(G76,G149,G99,G126) -> 0 | H20: =SUM(H76,H149,H99,H126) -> 0 | I20: =SUM(I76,I149,I99,I126) -> 0 | J20: =SUM(J76,J149,J99,J126) -> 0 | K20: =SUM(K76,K149,K99,K126) -> 0 | L20: =SUM(L76,L149,L99,L126) -> 0 | M20: =SUM(M76,M149,M99,M126) -> 0 | ... GE20: =SUM(GE76,GE149,GE99,GE126) -> 0 | GH20: %y-y(우) | GI20: =INDEX($23:$23,1,COLUMN(GI20)-$GS$5)*100 -> -0.50752271 | GJ20: =INDEX($23:$23,1,COLUMN(GJ20)-$GS$5)*100 -> -11.510882 | GK20: =INDEX($23:$23,1,COLUMN(GK20)-$GS$5)*100 -> 53.464716 | GL20: =INDEX($23:$23,1,COLUMN(GL20)-$GS$5)*100 -> -17.521499 | GM20: =INDEX($23:$23,1,COLUMN(GM20)-$GS$5)*100 -> 8.8288936 | GN20: =INDEX($23:$23,1,COLUMN(GN20)-$GS$5)*100 -> 39.687095 | GO20: =INDEX($23:$23,1,COLUMN(GO20)-$GS$5)*100 -> 22.131094 | GP20: =INDEX($23:$23,1,COLUMN(GP20)-$GS$5)*100 -> 10.236188 | ... GV20: =INDEX($23:$23,1,COLUMN(GV20)-$GS$5)*100 -> 27.474935
D21: 승률 | E21: Win Rate | F21: =F20/F19 -> #DIV/0! | G21: =G20/G19 -> #DIV/0! | H21: =H20/H19 -> #DIV/0! | I21: =I20/I19 -> #DIV/0! | J21: =J20/J19 -> #DIV/0! | K21: =K20/K19 -> #DIV/0! | L21: =L20/L19 -> #DIV/0! | M21: =M20/M19 -> #DIV/0! | ... GE21: =GE20/GE19 -> #DIV/0! | GH21: P-City 매출액 | GI21: =INDEX($101:$101,1,COLUMN(GI21)-$GS$5) -> 35.256 | GJ21: =INDEX($101:$101,1,COLUMN(GJ21)-$GS$5) -> 36.066 | GK21: =INDEX($101:$101,1,COLUMN(GK21)-$GS$5) -> 36.708 | GL21: =INDEX($101:$101,1,COLUMN(GL21)-$GS$5) -> 39.094 | GM21: =INDEX($101:$101,1,COLUMN(GM21)-$GS$5) -> 46.668 | GN21: =INDEX($101:$101,1,COLUMN(GN21)-$GS$5) -> 42.434 | GO21: =INDEX($101:$101,1,COLUMN(GO21)-$GS$5) -> 40.321 | GP21: =INDEX($101:$101,1,COLUMN(GP21)-$GS$5) -> 45.291 | ... GV21: =INDEX($101:$101,1,COLUMN(GV21)-$GS$5) -> 40.029664
D22: 매출액 | E22: Sales | F22: =SUM(F78,F151,F101,F128) -> 49.739 | G22: =SUM(G78,G151,G101,G128) -> 39.243 | H22: =SUM(H78,H151,H101,H128) -> 36.705 | I22: =SUM(I78,I151,I101,I128) -> 36.708 | J22: =SUM(J78,J151,J101,J128) -> 37.924 | K22: =SUM(K78,K151,K101,K128) -> 36.535 | L22: =SUM(L78,L151,L101,L128) -> 45.402 | M22: =SUM(M78,M151,M101,M128) -> 45.108 | ... BK22: =SUM(BK78,BK151,BK101,BK128) -> 67.126 | BL22: =SUM(BL78,F133,BL101,BL128) -> 49.207793 | BM22: =SUM(BM78,BM151,BM101,BM128) -> 39.66 | BN22: =SUM(BN78,BN151,BN101,BN128) -> 56.399 | BO22: =SUM(BO78,BO151,BO101,BO128) -> 37.54 | BP22: =SUM(BP78,BP151,BP101,BP128) -> 44.029 | BQ22: =SUM(BQ78,BQ151,BQ101,BQ128) -> 56.081 | BR22: =SUM(BR78,BR151,BR101,BR128) -> 59.719 | BS22: =SUM(BS78,BS151,BS101,BS128) -> 50.943 | BT22: =SUM(BT78,BT151,BT101,BT128) -> 49.127 | ... GE22: =SUM(GE78,GE151,GE101,GE128) -> 89.509075 | GH22: %y-y(우) | GI22: =INDEX($102:$102,1,COLUMN(GI22)-$GS$5)*100 -> -9.6115883 | GJ22: =INDEX($102:$102,1,COLUMN(GJ22)-$GS$5)*100 -> 12.509359 | GK22: =INDEX($102:$102,1,COLUMN(GK22)-$GS$5)*100 -> 16.459391 | GL22: =INDEX($102:$102,1,COLUMN(GL22)-$GS$5)*100 -> 6.5376754 | GM22: =INDEX($102:$102,1,COLUMN(GM22)-$GS$5)*100 -> 30.510655 | GN22: =INDEX($102:$102,1,COLUMN(GN22)-$GS$5)*100 -> 41.136167 | GO22: =INDEX($102:$102,1,COLUMN(GO22)-$GS$5)*100 -> 35.038012 | GP22: =INDEX($102:$102,1,COLUMN(GP22)-$GS$5)*100 -> 6.112647 | ... GV22: =INDEX($102:$102,1,COLUMN(GV22)-$GS$5)*100 -> 10.990029
D23: y-y(%) | E23: Growth Rate(y-y) | S23: =S22/G22-1 -> 0.032056673 | T23: =T22/H22-1 -> 0.31491622 | U23: =U22/I22-1 -> 0.4587011 | V23: =V22/J22-1 -> 0.45786309 | W23: =W22/K22-1 -> 0.038647872 | X23: =X22/L22-1 -> 0.017157834 | Y23: =Y22/M22-1 -> 0.011173184 | Z23: =Z22/N22-1 -> 0.48764388 | ... GE23: =GE22/FS22-1 -> 0.27474935 | GH23: 홀드율 | GI23: =INDEX($30:$30,1,COLUMN(GI23)-$GS$5)*100 -> 11.6 | GJ23: =INDEX($30:$30,1,COLUMN(GJ23)-$GS$5)*100 -> 12.5 | GK23: =INDEX($30:$30,1,COLUMN(GK23)-$GS$5)*100 -> 13.2 | GL23: =INDEX($30:$30,1,COLUMN(GL23)-$GS$5)*100 -> 10.4 | GM23: =INDEX($30:$30,1,COLUMN(GM23)-$GS$5)*100 -> 12 | GN23: =INDEX($30:$30,1,COLUMN(GN23)-$GS$5)*100 -> 13.1 | GO23: =INDEX($30:$30,1,COLUMN(GO23)-$GS$5)*100 -> 12.1 | GP23: =INDEX($30:$30,1,COLUMN(GP23)-$GS$5)*100 -> 11.4 | ... GV23: =INDEX($30:$30,1,COLUMN(GV23)-$GS$5)*100 -> 15.866758
B24: Dart | C24: 3 | D24: 테이블 | E24: Table Sales | F24: =SUM(F80,F153,F103,F130) -> 48.064 | G24: =SUM(G80,G153,G103,G130) -> 37.257 | H24: =SUM(H80,H153,H103,H130) -> 34.534 | I24: =SUM(I80,I153,I103,I130) -> 34.904 | J24: =SUM(J80,J153,J103,J130) -> 35.771 | K24: =SUM(K80,K153,K103,K130) -> 34.815 | L24: =SUM(L80,L153,L103,L130) -> 43.634 | M24: =SUM(M80,M153,M103,M130) -> 43.267 | ... BK24: =SUM(BK80,BK153,BK103,BK130) -> 64.011 | BL24: =SUM(BL80,F136,BL103,BL130) -> 2389.715 | BM24: =SUM(BM80,BM153,BM103,BM130) -> 36.405 | BN24: =SUM(BN80,BN153,BN103,BN130) -> 53.498 | BO24: =SUM(BO80,BO153,BO103,BO130) -> 34.885 | BP24: =SUM(BP80,BP153,BP103,BP130) -> 41.28 | BQ24: =SUM(BQ80,BQ153,BQ103,BQ130) -> 52.762 | BR24: =SUM(BR80,BR153,BR103,BR130) -> 56.539 | BS24: =SUM(BS80,BS153,BS103,BS130) -> 47.872 | BT24: =SUM(BT80,BT153,BT103,BT130) -> 45.67 | ... GE24: =SUM(GE80,GE153,GE103,GE130) -> 84.980387 | GH24: 워커힐 | GI24: =INDEX($83:$83,1,COLUMN(GI24)-$GS$5)*100 -> 12.5 | GJ24: =INDEX($83:$83,1,COLUMN(GJ24)-$GS$5)*100 -> 12.9 | GK24: =INDEX($83:$83,1,COLUMN(GK24)-$GS$5)*100 -> 14.6 | GL24: =INDEX($83:$83,1,COLUMN(GL24)-$GS$5)*100 -> 10.6 | GM24: =INDEX($83:$83,1,COLUMN(GM24)-$GS$5)*100 -> 11.5 | GN24: =INDEX($83:$83,1,COLUMN(GN24)-$GS$5)*100 -> 14.6 | GO24: =INDEX($83:$83,1,COLUMN(GO24)-$GS$5)*100 -> 14.1 | GP24: =INDEX($83:$83,1,COLUMN(GP24)-$GS$5)*100 -> 12.6 | ... GV24: =INDEX($83:$83,1,COLUMN(GV24)-$GS$5)*100 -> 14.740011
D25: y-y(%) | E25: Growth Rate(y-y) | S25: =S24/G24-1 -> 0.027028478 | T25: =T24/H24-1 -> 0.32924075 | U25: =U24/I24-1 -> 0.45172473 | V25: =V24/J24-1 -> 0.45738168 | W25: =W24/K24-1 -> 0.016199914 | X25: =X24/L24-1 -> -0.0064628501 | Y25: =Y24/M24-1 -> -0.0094298195 | Z25: =Z24/N24-1 -> 0.50641323 | ... GE25: =GE24/FS24-1 -> 0.28849919 | GH25: 제주 | GI25: =INDEX($156:$156,1,COLUMN(GI25)-$GS$5)*100 -> 18.1 | GJ25: =INDEX($156:$156,1,COLUMN(GJ25)-$GS$5)*100 -> 12 | GK25: =INDEX($156:$156,1,COLUMN(GK25)-$GS$5)*100 -> 20 | GL25: =INDEX($156:$156,1,COLUMN(GL25)-$GS$5)*100 -> 12.6 | GM25: =INDEX($156:$156,1,COLUMN(GM25)-$GS$5)*100 -> 4.1 | GN25: =INDEX($156:$156,1,COLUMN(GN25)-$GS$5)*100 -> 15.6 | GO25: =INDEX($156:$156,1,COLUMN(GO25)-$GS$5)*100 -> 13 | GP25: =INDEX($156:$156,1,COLUMN(GP25)-$GS$5)*100 -> 1.2 | ... GV25: =INDEX($156:$156,1,COLUMN(GV25)-$GS$5)*100 -> 19.531613
B26: Dart | C26: 4 | D26: 머신 | E26: Machine Sales | F26: =SUM(F81,F154,F104,F131) -> 1.675 | G26: =SUM(G81,G154,G104,G131) -> 1.986 | H26: =SUM(H81,H154,H104,H131) -> 2.171 | I26: =SUM(I81,I154,I104,I131) -> 1.804 | J26: =SUM(J81,J154,J104,J131) -> 2.153 | K26: =SUM(K81,K154,K104,K131) -> 1.72 | L26: =SUM(L81,L154,L104,L131) -> 1.768 | M26: =SUM(M81,M154,M104,M131) -> 1.841 | ... BK26: =SUM(BK81,BK154,BK104,BK131) -> 3.115 | BL26: =SUM(BL81,F137,BL104,BL131) -> #REF! | BM26: =SUM(BM81,BM154,BM104,BM131) -> 3.255 | BN26: =SUM(BN81,BN154,BN104,BN131) -> 2.901 | BO26: =SUM(BO81,BO154,BO104,BO131) -> 2.655 | BP26: =SUM(BP81,BP154,BP104,BP131) -> 2.749 | BQ26: =SUM(BQ81,BQ154,BQ104,BQ131) -> 3.319 | BR26: =SUM(BR81,BR154,BR104,BR131) -> 3.18 | BS26: =SUM(BS81,BS154,BS104,BS131) -> 3.071 | BT26: =SUM(BT81,BT154,BT104,BT131) -> 3.457 | ... GE26: =SUM(GE81,GE154,GE104,GE131) -> 4.5286883 | GH26: P-City | GI26: =INDEX($106:$106,1,COLUMN(GI26)-$GS$5)*100 -> 10.4 | GJ26: =INDEX($106:$106,1,COLUMN(GJ26)-$GS$5)*100 -> 12.4 | GK26: =INDEX($106:$106,1,COLUMN(GK26)-$GS$5)*100 -> 12 | GL26: =INDEX($106:$106,1,COLUMN(GL26)-$GS$5)*100 -> 11 | GM26: =INDEX($106:$106,1,COLUMN(GM26)-$GS$5)*100 -> 13 | GN26: =INDEX($106:$106,1,COLUMN(GN26)-$GS$5)*100 -> 12.4 | GO26: =INDEX($106:$106,1,COLUMN(GO26)-$GS$5)*100 -> 11.5 | GP26: =INDEX($106:$106,1,COLUMN(GP26)-$GS$5)*100 -> 11.8 | ... GV26: =INDEX($106:$106,1,COLUMN(GV26)-$GS$5)*100 -> 13.750918
D27: y-y(%) | E27: Growth Rate(y-y) | S27: =S26/G26-1 -> 0.12638469 | T27: =T26/H26-1 -> 0.087056656 | U27: =U26/I26-1 -> 0.59368071 | V27: =V26/J26-1 -> 0.46586159 | W27: =W26/K26-1 -> 0.49302326 | X27: =X26/L26-1 -> 0.60011312 | Y27: =Y26/M26-1 -> 0.49538294 | Z27: =Z26/N26-1 -> 0.19391462 | ... GE27: =GE26/FS26-1 -> 0.06207511 | GH27: 부산 | GI27: =INDEX($133:$133,1,COLUMN(GI27)-$GS$5)*100 -> 13.7 | GJ27: =INDEX($133:$133,1,COLUMN(GJ27)-$GS$5)*100 -> 11.9 | GK27: =INDEX($133:$133,1,COLUMN(GK27)-$GS$5)*100 -> 10.5 | GL27: =INDEX($133:$133,1,COLUMN(GL27)-$GS$5)*100 -> 4.2 | GM27: =INDEX($133:$133,1,COLUMN(GM27)-$GS$5)*100 -> 9 | GN27: =INDEX($133:$133,1,COLUMN(GN27)-$GS$5)*100 -> 10.1 | GO27: =INDEX($133:$133,1,COLUMN(GO27)-$GS$5)*100 -> 7.9 | GP27: =INDEX($133:$133,1,COLUMN(GP27)-$GS$5)*100 -> 7.2 | ... GV27: =INDEX($133:$133,1,COLUMN(GV27)-$GS$5)*100 -> 28.822111
B28: Dart | C28: 5 | D28: 정킷 | E28: Junket Sales | CL28: =CL22-CL24-CL26 -> -0.738 | CM28: =CM22-CM24-CM26 -> 0.626 | CN28: =CN22-CN24-CN26 -> 0.772 | CO28: =CO22-CO24-CO26 -> 2.913 | CP28: =CP22-CP24-CP26 -> -2.69 | CQ28: =CQ22-CQ24-CQ26 -> 1.887 | CR28: =CR22-CR24-CR26 -> 2.305 | CS28: =CS22-CS24-CS26 -> 0.529 | ... GE28: =GE22-GE24-GE26 -> 1.0658141e-14 | GH28: 매스 드롭액 비중 | GI28: =INDEX($177:$177,1,COLUMN(GI28)-$GS$5)*100 -> 22.323948 | GJ28: =INDEX($177:$177,1,COLUMN(GJ28)-$GS$5)*100 -> 21.046194 | GK28: =INDEX($177:$177,1,COLUMN(GK28)-$GS$5)*100 -> 21.56222 | GL28: =INDEX($177:$177,1,COLUMN(GL28)-$GS$5)*100 -> 20.508117 | GM28: =INDEX($177:$177,1,COLUMN(GM28)-$GS$5)*100 -> 21.246981 | GN28: =INDEX($177:$177,1,COLUMN(GN28)-$GS$5)*100 -> 22.490505 | GO28: =INDEX($177:$177,1,COLUMN(GO28)-$GS$5)*100 -> 24.205636 | GP28: =INDEX($177:$177,1,COLUMN(GP28)-$GS$5)*100 -> 23.368576 | ... GV28: =INDEX($177:$177,1,COLUMN(GV28)-$GS$5)*100 -> 24.660769
D29: %W/L | E29: %W/L | S29: =S28/G28-1 -> #DIV/0! | T29: =T28/H28-1 -> #DIV/0! | U29: =U28/I28-1 -> #DIV/0! | V29: =V28/J28-1 -> #DIV/0! | W29: =W28/K28-1 -> #DIV/0! | X29: =X28/L28-1 -> #DIV/0! | Y29: =Y28/M28-1 -> #DIV/0! | Z29: =Z28/N28-1 -> #DIV/0! | ... BN29: =BN28/BB28-1 -> #DIV/0! | BP29: =BP28/BD28-1 -> #DIV/0! | BQ29: =BQ28/BE28-1 -> #DIV/0! | BR29: =BR28/BF28-1 -> #DIV/0! | BS29: =BS28/BG28-1 -> #DIV/0! | BT29: =BT28/BH28-1 -> #DIV/0! | BU29: =BU28/BI28-1 -> #DIV/0! | BV29: =BV28/BJ28-1 -> #DIV/0! | BW29: =BW28/BK28-1 -> #DIV/0! | ... BZ29: =BZ28/BN28-1 -> #DIV/0! | CA29: =CA28/CA20 -> #DIV/0! | CB29: =CB28/CB20 -> #DIV/0! | CC29: =CC28/CC20 -> #DIV/0! | CD29: =CD28/CD20 -> #DIV/0! | CE29: =CE28/CE20 -> #DIV/0! | CF29: =CF28/CF20 -> #DIV/0! | CG29: =CG28/CG20 -> #DIV/0! | CH29: =CH28/CH20 -> #DIV/0! | ... GE29: =GE28/GE20 -> #DIV/0!
B30: Property | C30: =Property!P1 -> 16 | D30: 홀드율 | E30: Hold Rate | F30: =INDEX(Property!$A$1:$W$95,F$5,$C30) -> 0.15129034 | G30: =INDEX(Property!$A$1:$W$95,G$5,$C30) -> 0.1099599 | H30: =INDEX(Property!$A$1:$W$95,H$5,$C30) -> 0.11625802 | I30: =INDEX(Property!$A$1:$W$95,I$5,$C30) -> 0.11098177 | J30: =INDEX(Property!$A$1:$W$95,J$5,$C30) -> 0.10125058 | K30: =INDEX(Property!$A$1:$W$95,K$5,$C30) -> 0.10614692 | L30: =INDEX(Property!$A$1:$W$95,L$5,$C30) -> 0.1274925 | M30: =INDEX(Property!$A$1:$W$95,M$5,$C30) -> 0.12131187 | ... CS30: =INDEX(Property!$A$1:$W$95,CS$5,$C30) -> 0.096790018 | CT30: =INDEX(Property!$A$1:$W$259,CT$5,$C30) -> 0.10251402 | CU30: =INDEX(Property!$A$1:$W$259,CU$5,$C30) -> 0.12726044 | CV30: =INDEX(Property!$A$1:$W$259,CV$5,$C30) -> 0.097277352 | CW30: =INDEX(Property!$A$1:$W$259,CW$5,$C30) -> 0.10282646 | CX30: =INDEX(Property!$A$1:$W$259,CX$5,$C30) -> 0.097791806 | CY30: =INDEX(Property!$A$1:$W$259,CY$5,$C30) -> 0.10497297 | CZ30: =INDEX(Property!$A$1:$W$259,CZ$5,$C30) -> 0.095496626 | DA30: =INDEX(Property!$A$1:$W$259,DA$5,$C30) -> 0.088208583 | ... GE30: =INDEX(Property!$A$1:$W$259,GE$5,$C30) -> 0.15866758 | GH30: 홀드율 | GI30: =GI23 -> 11.6 | GJ30: =GJ23 -> 12.5 | GK30: =GK23 -> 13.2 | GL30: =GL23 -> 10.4 | GM30: =GM23 -> 12 | GN30: =GN23 -> 13.1 | GO30: =GO23 -> 12.1 | GP30: =GP23 -> 11.4 | ... GV30: =GV23 -> 15.866758
D31: 테이블 | E31: Hold Rate(Table) | F31: =F24/F9 -> 0.15129034 | G31: =G24/G9 -> 0.1099599 | H31: =H24/H9 -> 0.11625802 | I31: =I24/I9 -> 0.11098177 | J31: =J24/J9 -> 0.10125058 | K31: =K24/K9 -> 0.10614692 | L31: =L24/L9 -> 0.1274925 | M31: =M24/M9 -> 0.12131187 | ... GE31: =GE24/GE9 -> 0.15866758
D32: 매스 고객수 | E32: No. of MASS | F32: =#REF!-F33 -> #REF! | G32: =#REF!-G33 -> #REF! | H32: =#REF!-H33 -> #REF! | I32: =#REF!-I33 -> #REF! | J32: =#REF!-J33 -> #REF! | K32: =#REF!-K33 -> #REF! | L32: =#REF!-L33 -> #REF! | M32: =#REF!-M33 -> #REF! | ... CO32: =#REF!-CO33 -> #REF!
D33: VIP고객수 | E33: No. of VIPs | F33: =SUM(F86,F159,F109,F136) -> 13597 | G33: =SUM(G86,G159,G109,G136) -> 13681 | H33: =SUM(H86,H159,H109,H136) -> 11851 | I33: =SUM(I86,I159,I109,I136) -> 13269 | J33: =SUM(J86,J159,J109,J136) -> 14846 | K33: =SUM(K86,K159,K109,K136) -> 12464 | L33: =SUM(L86,L159,L109,L136) -> 13959 | M33: =SUM(M86,M159,M109,M136) -> 13567 | ... BK33: =SUM(BK86,BK159,BK109,BK136) -> 14484 | BL33: =SUM(BL86,F140,BL109,BL136) -> 12005 | BM33: =SUM(BM86,BM159,BM109,BM136) -> 13262 | BN33: =SUM(BN86,BN159,BN109,BN136) -> 14005 | BO33: =SUM(BO86,BO159,BO109,BO136) -> 12544 | BP33: =SUM(BP86,BP159,BP109,BP136) -> 13350 | BQ33: =SUM(BQ86,BQ159,BQ109,BQ136) -> 13193 | BR33: =SUM(BR86,BR159,BR109,BR136) -> 15301 | BS33: =SUM(BS86,BS159,BS109,BS136) -> 12929 | BT33: =SUM(BT86,BT159,BT109,BT136) -> 14002 | ... GE33: =SUM(GE86,GE159,GE109,GE136) -> 12665 | GH33: [Paradise City]
D34: y-y(%) | E34: Growth Rate(y-y) | S34: =S33/G33-1 -> -0.072143849 | T34: =T33/H33-1 -> 0.21609991 | U34: =U33/I33-1 -> 0.16022308 | V34: =V33/J33-1 -> 0.035160986 | W34: =W33/K33-1 -> 0.18485237 | X34: =X33/L33-1 -> 0.091124006 | Y34: =Y33/M33-1 -> 0.16599101 | Z34: =Z33/N33-1 -> 0.067980368 | ... GE34: =GE33/FS33-1 -> 0.021206257 | GH34: 매스 드롭액 비중 | GI34: =INDEX($183:$183,1,COLUMN(GI34)-$GS$5)*100 -> 21.341616 | GJ34: =INDEX($183:$183,1,COLUMN(GJ34)-$GS$5)*100 -> 20.38043 | GK34: =INDEX($183:$183,1,COLUMN(GK34)-$GS$5)*100 -> 21.473139 | GL34: =INDEX($183:$183,1,COLUMN(GL34)-$GS$5)*100 -> 19.878834 | GM34: =INDEX($183:$183,1,COLUMN(GM34)-$GS$5)*100 -> 21.216128 | GN34: =INDEX($183:$183,1,COLUMN(GN34)-$GS$5)*100 -> 21.666201 | GO34: =INDEX($183:$183,1,COLUMN(GO34)-$GS$5)*100 -> 23.499891 | GP34: =INDEX($183:$183,1,COLUMN(GP34)-$GS$5)*100 -> 24.294338 | ... GV34: =INDEX($183:$183,1,COLUMN(GV34)-$GS$5)*100 -> 26.049213
D35: 인당 지출액 | E35: Spending per VIP | CA35: =CA9*10^3/CA33 -> 33.21602 | CB35: =CB9*10^3/CB33 -> 33.236166 | CC35: =CC9*10^3/CC33 -> 30.882954 | CD35: =CD9*10^3/CD33 -> 32.119952 | CE35: =CE9*10^3/CE33 -> 31.380231 | CF35: =CF9*10^3/CF33 -> 32.320634 | CG35: =CG9*10^3/CG33 -> 32.560065 | CH35: =CH9*10^3/CH33 -> 34.094896 | ... GE35: =GE9*10^3/GE33 -> 42.288794 | GH35: 홀드율 | GI35: =GI26 -> 10.4 | GJ35: =GJ26 -> 12.4 | GK35: =GK26 -> 12 | GL35: =GL26 -> 11 | GM35: =GM26 -> 13 | GN35: =GN26 -> 12.4 | GO35: =GO26 -> 11.5 | GP35: =GP26 -> 11.8 | ... GV35: =GV26 -> 13.750918
D36: y-y(%) | E36: Growth Rate(y-y) | CA36: =CA35/BO35-1 -> #DIV/0! | CB36: =CB35/BP35-1 -> #DIV/0! | CC36: =CC35/BQ35-1 -> #DIV/0! | CD36: =CD35/BR35-1 -> #DIV/0! | CE36: =CE35/BS35-1 -> #DIV/0! | CF36: =CF35/BT35-1 -> #DIV/0! | CG36: =CG35/BU35-1 -> #DIV/0! | CH36: =CH35/BV35-1 -> #DIV/0! | ... GE36: =GE35/FS35-1 -> -0.0023765296
D37: 중국인 VIP | E37: China VIP | F37: =SUM(F88,F161,F111,F138) -> 4644 | G37: =SUM(G88,G161,G111,G138) -> 5344 | H37: =SUM(H88,H161,H111,H138) -> 3918 | I37: =SUM(I88,I161,I111,I138) -> 4785 | J37: =SUM(J88,J161,J111,J138) -> 5290 | K37: =SUM(K88,K161,K111,K138) -> 4786 | L37: =SUM(L88,L161,L111,L138) -> 5019 | M37: =SUM(M88,M161,M111,M138) -> 5264 | ... GE37: =SUM(GE88,GE161,GE111,GE138) -> 2741
D38: y-y(%) | E38: Growth Rate(y-y) | S38: =S37/G37-1 -> 0.012537425 | T38: =T37/H37-1 -> 0.47269015 | U38: =U37/I37-1 -> 0.33396029 | V38: =V37/J37-1 -> 0.1 | W38: =W37/K37-1 -> 0.26138738 | X38: =X37/L37-1 -> 0.20263001 | Y38: =Y37/M37-1 -> 0.19243921 | Z38: =Z37/N37-1 -> 0.21593431 | ... GE38: =GE37/FS37-1 -> -0.027669386
D39: 시티제외 | E39: Excl. P-City | BQ39: =BQ37-BQ111 -> 3972 | BR39: =BR37-BR111 -> 4513 | BS39: =BS37-BS111 -> 4278 | BT39: =BT37-BT111 -> 4019 | BU39: =BU37-BU111 -> 3360 | BV39: =BV37-BV111 -> 3078 | BW39: =BW37-BW111 -> 4557 | BX39: =BX37-BX111 -> 2967 | ... GE39: =GE37-GE111 -> 1653
D40: y-y(%) | E40: Growth Rate(y-y) | CA40: =CA39/BO39-1 -> #DIV/0! | CB40: =CB39/BP39-1 -> #DIV/0! | CC40: =CC39/BQ39-1 -> -0.50981873 | CD40: =CD39/BR39-1 -> -0.43208509 | CE40: =CE39/BS39-1 -> -0.51238897 | CF40: =CF39/BT39-1 -> -0.25578502 | CG40: =CG39/BU39-1 -> -0.20386905 | CH40: =CH39/BV39-1 -> -0.24041585 | ... GE40: =GE39/FS39-1 -> -0.0012084592
D41: 인당 지출액 | E41: Spending per VIP | BR41: =BR11*10^3/BR37 -> 37.145908 | BS41: =BS11*10^3/BS37 -> 39.600737 | BT41: =BT11*10^3/BT37 -> 39.031458 | BU41: =BU11*10^3/BU37 -> 41.376944 | BV41: =BV11*10^3/BV37 -> 43.575266 | BW41: =BW11*10^3/BW37 -> 38.888477 | BX41: =BX11*10^3/BX37 -> 46.103134 | BY41: =BY11*10^3/BY37 -> 43.671157 | ... GE41: =GE11*10^3/GE37 -> 30.59219
D42: y-y(%) | E42: Growth Rate(y-y) | CA42: =CA41/BO41-1 -> #DIV/0! | CB42: =CB41/BP41-1 -> #DIV/0! | CC42: =CC41/BQ41-1 -> #DIV/0! | CD42: =CD41/BR41-1 -> 0.3471294 | CE42: =CE41/BS41-1 -> 0.12361831 | CF42: =CF41/BT41-1 -> 0.17323814 | CG42: =CG41/BU41-1 -> 0.18664846 | CH42: =CH41/BV41-1 -> 0.14253602 | ... GE42: =GE41/FS41-1 -> -0.1980119
D43: 일본인 VIP | E43: Japan VIP | F43: =SUM(F89,F162,F114,F139) -> 6489 | G43: =SUM(G89,G162,G114,G139) -> 6172 | H43: =SUM(H89,H162,H114,H139) -> 5332 | I43: =SUM(I89,I162,I114,I139) -> 6003 | J43: =SUM(J89,J162,J114,J139) -> 7306 | K43: =SUM(K89,K162,K114,K139) -> 5631 | L43: =SUM(L89,L162,L114,L139) -> 6810 | M43: =SUM(M89,M162,M114,M139) -> 6196 | ... GE43: =SUM(GE89,GE162,GE114,GE139) -> 6050
D44: y-y(%) | E44: Growth Rate(y-y) | S44: =S43/G43-1 -> -0.12022035 | T44: =T43/H43-1 -> 0.14591148 | U44: =U43/I43-1 -> 0.049142096 | V44: =V43/J43-1 -> -0.068984396 | W44: =W43/K43-1 -> 0.096608063 | X44: =X43/L43-1 -> -0.012922173 | Y44: =Y43/M43-1 -> 0.13605552 | Z44: =Z43/N43-1 -> -0.037677305 | ... GE44: =GE43/FS43-1 -> 0.039697543
D45: 인당 지출액 | E45: Spending per VIP | BR45: =BR13*10^3/BR43 -> 18.090361 | BS45: =BS13*10^3/BS43 -> 18.747124 | BT45: =BT13*10^3/BT43 -> 21.487407 | BU45: =BU13*10^3/BU43 -> 19.310258 | BV45: =BV13*10^3/BV43 -> 21.211258 | BW45: =BW13*10^3/BW43 -> 20.067477 | BX45: =BX13*10^3/BX43 -> 17.883455 | BY45: =BY13*10^3/BY43 -> 16.030933 | ... GE45: =GE13*10^3/GE43 -> 35.036539
D46: y-y(%) | E46: Growth Rate(y-y) | CA46: =CA45/BO45-1 -> #DIV/0! | CB46: =CB45/BP45-1 -> #DIV/0! | CC46: =CC45/BQ45-1 -> #DIV/0! | CD46: =CD45/BR45-1 -> 0.33925422 | CE46: =CE45/BS45-1 -> 0.3429781 | CF46: =CF45/BT45-1 -> 0.13215154 | CG46: =CG45/BU45-1 -> 0.27401226 | CH46: =CH45/BV45-1 -> 0.22579243 | ... GE46: =GE45/FS45-1 -> -0.041221096
D47: 기타 VIP | E47: Others VIP | F47: =SUM(F90,F163,F117,F140) -> 2464 | G47: =SUM(G90,G163,G117,G140) -> 2165 | H47: =SUM(H90,H163,H117,H140) -> 2601 | I47: =SUM(I90,I163,I117,I140) -> 2481 | J47: =SUM(J90,J163,J117,J140) -> 2250 | K47: =SUM(K90,K163,K117,K140) -> 2047 | L47: =SUM(L90,L163,L117,L140) -> 2130 | M47: =SUM(M90,M163,M117,M140) -> 2107 | ... GE47: =SUM(GE90,GE163,GE117,GE140) -> 3874
D48: y-y(%) | E48: Growth Rate(y-y) | S48: =S47/G47-1 -> -0.14411085 | T48: =T47/H47-1 -> -0.026528258 | U48: =U47/I47-1 -> 0.093913744 | V48: =V47/J47-1 -> 0.22088889 | W48: =W47/K47-1 -> 0.24865657 | X48: =X47/L47-1 -> 0.16103286 | Y48: =Y47/M47-1 -> 0.18794495 | Z48: =Z47/N47-1 -> 0.088346655 | ... GE48: =GE47/FS47-1 -> 0.02922423
D49: Actual Cons.(인수효과) | DC49: =SUM(DA52:DC52)/SUM(DA65:DC65)*10^9 -> 41853000
D50: 드롭액 | E50: Drop | F50: =F69 -> 195.632 | G50: =G69 -> 212.399 | H50: =H69 -> 172.647 | I50: =I69 -> 175.481 | J50: =J69 -> 189.623 | K50: =K69 -> 194.966 | L50: =L69 -> 181.896 | M50: =M69 -> 204.482 | ... W50: =W69 -> 222.428 | X50: =X69+X142 -> 279.187 | Y50: =Y69+Y142 -> 253.0698 | Z50: =Z69+Z142 -> 256.352 | AA50: =AA69+AA142 -> 316.361 | AB50: =AB69+AB142 -> 225.356 | AC50: =AC69+AC142 -> 278.064 | AD50: =AD69+AD142 -> 284.713 | AE50: =AE69+AE142 -> 287.149 | ... AI50: =AI69+AI142 -> 267.23 | AJ50: =AJ69+AJ142+AJ92 -> 368.727 | AK50: =AK69+AK142+AK92 -> 417.625 | AL50: =AL69+AL142+AL92 -> 361.607 | AM50: =AM69+AM142+AM92 -> 466.218 | AN50: =AN69+AN142+AN92 -> 439.197 | AO50: =AO69+AO142+AO92 -> 428.962 | AP50: =AP69+AP142+AP92 -> 431.156 | AQ50: =AQ69+AQ142+AQ92 -> 504.78 | ... BG50: =BG69+BG142+BG92 -> 218.26675 | BH50: =BH69+BH142+BH92+BH119 -> 268.11149 | BI50: =BI69+BI142+BI92+BI119 -> 399.70501 | BJ50: =BJ69+BJ142+BJ92+BJ119 -> 372.61791 | BK50: =BK69+BK142+BK92+BK119 -> 444.07517 | BL50: =BL69+BL142+BL92+BL119 -> 341.87556 | BM50: =BM69+BM142+BM92+BM119 -> 372.40904 | BN50: =BN69+BN142+BN92+BN119 -> 415.70792 | BO50: =BO69+BO142+BO92+BO119 -> 411.21888 | ... GE50: =GE69+GE142+GE92+GE119 -> 535.58758
D51: y-y(%) | E51: Growth Rate(y-y) | S51: =S50/G50-1 -> -0.016436047 | T51: =T50/H50-1 -> 0.37499059 | U51: =U50/I50-1 -> 0.29033343 | V51: =V50/J50-1 -> 0.17447251 | W51: =W50/K50-1 -> 0.14085533 | X51: =X50/L50-1 -> 0.53487157 | Y51: =Y50/M50-1 -> 0.23761407 | Z51: =Z50/N50-1 -> 0.17099018 | ... GE51: =GE50/FS50-1 -> 0.01877933
D52: 중국인 VIP | E52: China VIP | F52: =F71 -> 92.482 | G52: =G71 -> 115.681 | H52: =H71 -> 52.593 | I52: =I71 -> 69.701 | J52: =J71 -> 74.336 | K52: =K71 -> 95.412 | L52: =L71 -> 69.167 | M52: =M71 -> 79.546 | ... W52: =W71 -> 124.329 | X52: =X71+X144 -> 150.646 | Y52: =Y71+Y144 -> 141.3094 | Z52: =Z71+Z144 -> 123.05 | AA52: =AA71+AA144 -> 159.28 | AB52: =AB71+AB144 -> 113.944 | AC52: =AC71+AC144 -> 155.414 | AD52: =AD71+AD144 -> 161.58 | AE52: =AE71+AE144 -> 157.028 | ... AI52: =AI71+AI144 -> 143.358 | AJ52: =AJ71+AJ144+AJ94 -> 215.875 | AK52: =AK71+AK144+AK94 -> 254.396 | AL52: =AL71+AL144+AL94 -> 207.704 | AM52: =AM71+AM144+AM94 -> 265.787 | AN52: =AN71+AN144+AN94 -> 252.159 | AO52: =AO71+AO144+AO94 -> 256.627 | AP52: =AP71+AP144+AP94 -> 268.757 | AQ52: =AQ71+AQ144+AQ94 -> 317.184 | ... BG52: =BG71+BG144+BG94 -> 93.723656 | BH52: =BH71+BH144+BH94+BH121 -> 119.70363 | BI52: =BI71+BI144+BI94+BI121 -> 205.09474 | BJ52: =BJ71+BJ144+BJ94+BJ121 -> 177.521 | BK52: =BK71+BK144+BK94+BK121 -> 244.1329 | BL52: =BL71+BL144+BL94+BL121 -> 178.96134 | BM52: =BM71+BM144+BM94+BM121 -> 189.86669 | BN52: =BN71+BN144+BN94+BN121 -> 220.08709 | BO52: =BO71+BO144+BO94+BO121 -> 230.13216 | ... GE52: =GE71+GE144+GE94+GE121 -> 83.853194
D53: 일본인 VIP | E53: Japan VIP | F53: =F72 -> 52.909 | G53: =G72 -> 58.494 | H53: =H72 -> 58.209 | I53: =I72 -> 55.877 | J53: =J72 -> 58.651 | K53: =K72 -> 49.519 | L53: =L72 -> 54.369 | M53: =M72 -> 55.534 | ... W53: =W72 -> 50.357 | X53: =X72+X145 -> 70.722 | Y53: =Y72+Y145 -> 57.9672 | Z53: =Z72+Z145 -> 65.665 | AA53: =AA72+AA145 -> 93.468 | AB53: =AB72+AB145 -> 56.526 | AC53: =AC72+AC145 -> 65.406 | AD53: =AD72+AD145 -> 57.556 | AE53: =AE72+AE145 -> 73.874 | ... AI53: =AI72+AI145 -> 62.008 | AJ53: =AJ72+AJ145+AJ95 -> 71.988 | AK53: =AK72+AK145+AK95 -> 84.411 | AL53: =AL72+AL145+AL95 -> 76.658 | AM53: =AM72+AM145+AM95 -> 98.266 | AN53: =AN72+AN145+AN95 -> 85.918 | AO53: =AO72+AO145+AO95 -> 68.624 | AP53: =AP72+AP145+AP95 -> 75.364 | AQ53: =AQ72+AQ145+AQ95 -> 112.283 | ... BG53: =BG72+BG145+BG95 -> 39.832193 | BH53: =BH72+BH145+BH95+BH122 -> 59.249248 | BI53: =BI72+BI145+BI95+BI122 -> 95.93755 | BJ53: =BJ72+BJ145+BJ95+BJ122 -> 108.12805 | BK53: =BK72+BK145+BK95+BK122 -> 107.84638 | BL53: =BL72+BL145+BL95+BL122 -> 78.802294 | BM53: =BM72+BM145+BM95+BM122 -> 84.621781 | BN53: =BN72+BN145+BN95+BN122 -> 98.598787 | BO53: =BO72+BO145+BO95+BO122 -> 91.520686 | ... GE53: =GE72+GE145+GE95+GE122 -> 211.97106
D54: 기타 VIP | E54: Others VIP | F54: =F73 -> 29.521 | G54: =G73 -> 18.879 | H54: =H73 -> 38.141 | I54: =I73 -> 28.652 | J54: =J73 -> 32.911 | K54: =K73 -> 25.821 | L54: =L73 -> 32.826 | M54: =M73 -> 33.082 | ... W54: =W73 -> 23.095 | X54: =X73+X146 -> 32.091 | Y54: =Y73+Y146 -> 29.4818 | Z54: =Z73+Z146 -> 40.042 | AA54: =AA73+AA146 -> 30.607 | AB54: =AB73+AB146 -> 31.118 | AC54: =AC73+AC146 -> 28.225 | AD54: =AD73+AD146 -> 36.151 | AE54: =AE73+AE146 -> 33.132 | ... AI54: =AI73+AI146 -> 33.781 | AJ54: =AJ73+AJ146+AJ96 -> 45.995 | AK54: =AK73+AK146+AK96 -> 44.14 | AL54: =AL73+AL146+AL96 -> 42.135 | AM54: =AM73+AM146+AM96 -> 62.215 | AN54: =AN73+AN146+AN96 -> 66.462 | AO54: =AO73+AO146+AO96 -> 64.505 | AP54: =AP73+AP146+AP96 -> 51.932 | AQ54: =AQ73+AQ146+AQ96 -> 41.153 | ... BG54: =BG73+BG146+BG96 -> 50.420443 | BH54: =BH73+BH146+BH96+BH123 -> 52.733966 | BI54: =BI73+BI146+BI96+BI123 -> 54.751846 | BJ54: =BJ73+BJ146+BJ96+BJ123 -> 40.993051 | BK54: =BK73+BK146+BK96+BK123 -> 46.336234 | BL54: =BL73+BL146+BL96+BL123 -> 44.079467 | BM54: =BM73+BM146+BM96+BM123 -> 54.151005 | BN54: =BN73+BN146+BN96+BN123 -> 56.359603 | BO54: =BO73+BO146+BO96+BO123 -> 49.079019 | ... GE54: =GE73+GE146+GE96+GE123 -> 107.68331
D55: 매스 | E55: Mass | F55: =F74 -> 20.72 | G55: =G74 -> 19.345 | H55: =H74 -> 23.704 | I55: =I74 -> 21.251 | J55: =J74 -> 23.725 | K55: =K74 -> 24.214 | L55: =L74 -> 25.534 | M55: =M74 -> 36.32 | ... W55: =W74 -> 24.647 | X55: =X74+X147 -> 25.728 | Y55: =Y74+Y147 -> 24.3114 | Z55: =Z74+Z147 -> 27.595 | AA55: =AA74+AA147 -> 33.006 | AB55: =AB74+AB147 -> 23.768 | AC55: =AC74+AC147 -> 29.019 | AD55: =AD74+AD147 -> 29.426 | AE55: =AE74+AE147 -> 23.115 | ... AI55: =AI74+AI147 -> 28.083 | AJ55: =AJ74+AJ147+AJ97 -> 34.869 | AK55: =AK74+AK147+AK97 -> 34.678 | AL55: =AL74+AL147+AL97 -> 35.11 | AM55: =AM74+AM147+AM97 -> 39.95 | AN55: =AN74+AN147+AN97 -> 34.658 | AO55: =AO74+AO147+AO97 -> 39.206 | AP55: =AP74+AP147+AP97 -> 35.103 | AQ55: =AQ74+AQ147+AQ97 -> 34.16 | ... BG55: =BG74+BG147+BG97 -> 34.290454 | BH55: =BH74+BH147+BH97+BH124 -> 36.424647 | BI55: =BI74+BI147+BI97+BI124 -> 43.92088 | BJ55: =BJ74+BJ147+BJ97+BJ124 -> 45.97581 | BK55: =BK74+BK147+BK97+BK124 -> 45.75965 | BL55: =BL74+BL147+BL97+BL124 -> 40.032456 | BM55: =BM74+BM147+BM97+BM124 -> 43.769561 | BN55: =BN74+BN147+BN97+BN124 -> 40.662433 | BO55: =BO74+BO147+BO97+BO124 -> 40.487021 | ... GE55: =GE74+GE147+GE97+GE124 -> 132.08001
D56: 매출액 | E56: Sales | F56: =F78 -> 32.279 | G56: =G78 -> 29.538 | H56: =H78 -> 26.385 | I56: =I78 -> 26.66 | J56: =J78 -> 25.108 | K56: =K78 -> 26.046 | L56: =L78 -> 26.975 | M56: =M78 -> 30.058 | ... W56: =W78 -> 22.352 | X56: =X78+X151 -> 34.169 | Y56: =Y78+Y151 -> 32.472 | Z56: =Z78+Z151 -> 40.166 | AA56: =AA78+AA151 -> 40.254 | AB56: =AB78+AB151 -> 27.106 | AC56: =AC78+AC151 -> 23.619 | AD56: =AD78+AD151 -> 40.247 | AE56: =AE78+AE151 -> 36.109 | ... AI56: =AI78+AI151 -> 39.756 | AJ56: =AJ78+AJ151+AJ101 -> 36.196 | AK56: =AK78+AK151+AK101 -> 48.508 | AL56: =AL78+AL151+AL101 -> 45.785 | AM56: =AM78+AM151+AM101 -> 54.095 | AN56: =AN78+AN151+AN101 -> 44.53 | AO56: =AO78+AO151+AO101 -> 48.327 | AP56: =AP78+AP151+AP101 -> 57.754 | AQ56: =AQ78+AQ151+AQ101 -> 45.688 | ... BG56: =BG78+BG151+BG101 -> 18.577 | BH56: =BH78+BH151+BH101+BH128 -> 33.835 | BI56: =BI78+BI151+BI101+BI128 -> 48.673 | BJ56: =BJ78+BJ151+BJ101+BJ128 -> 34.997 | BK56: =BK78+BK151+BK101+BK128 -> 67.126 | BL56: =BL78+BL151+BL101+BL128 -> 50.301 | BM56: =BM78+BM151+BM101+BM128 -> 39.66 | BN56: =BN78+BN151+BN101+BN128 -> 56.399 | BO56: =BO78+BO151+BO101+BO128 -> 37.54 | ... GE56: =GE78+GE151+GE101+GE128 -> 89.509075
D57: y-y(%) | E57: Growth Rate(y-y) | S57: =S56/G56-1 -> -0.12637958 | T57: =T56/H56-1 -> 0.25658518 | U57: =U56/I56-1 -> 0.39294824 | V57: =V56/J56-1 -> 0.52588816 | W57: =W56/K56-1 -> -0.141826 | X57: =X56/L56-1 -> 0.26669138 | Y57: =Y56/M56-1 -> 0.080311398 | Z57: =Z56/N56-1 -> 1.0262322 | ... GE57: =GE56/FS56-1 -> 0.27474935
D58: 테이블 | E58: Table Sales | F58: =F80 -> 30.78 | G58: =G80 -> 27.832 | H58: =H80 -> 24.516 | I58: =I80 -> 25.096 | J58: =J80 -> 23.299 | K58: =K80 -> 24.679 | L58: =L80 -> 25.526 | M58: =M80 -> 28.589 | ... W58: =W80 -> 20.52 | X58: =X80+X153 -> 32.05 | Y58: =Y80+Y153 -> 30.719 | Z58: =Z80+Z153 -> 38.188 | AA58: =AA80+AA153 -> 38.238 | AB58: =AB80+AB153 -> 25.279 | AC58: =AC80+AC153 -> 21.507 | AD58: =AD80+AD153 -> 38.319 | AE58: =AE80+AE153 -> 33.794 | ... AI58: =AI80+AI153 -> 37.631 | AJ58: =AJ80+AJ153+AJ103 -> 33.844 | AK58: =AK80+AK153+AK103 -> 46.148 | AL58: =AL80+AL153+AL103 -> 43.278 | AM58: =AM80+AM153+AM103 -> 51.352 | AN58: =AN80+AN153+AN103 -> 41.784 | AO58: =AO80+AO153+AO103 -> 45.496 | AP58: =AP80+AP153+AP103 -> 55.023 | AQ58: =AQ80+AQ153+AQ103 -> 43.317 | ... BG58: =BG80+BG153+BG103 -> 16.375 | BH58: =BH80+BH153+BH103+BH130 -> 30.765 | BI58: =BI80+BI153+BI103+BI130 -> 45.411 | BJ58: =BJ80+BJ153+BJ103+BJ130 -> 31.734 | BK58: =BK80+BK153+BK103+BK130 -> 64.011 | BL58: =BL80+BL153+BL103+BL130 -> 46.633 | BM58: =BM80+BM153+BM103+BM130 -> 36.405 | BN58: =BN80+BN153+BN103+BN130 -> 53.498 | BO58: =BO80+BO153+BO103+BO130 -> 34.885 | ... GE58: =GE80+GE153+GE103+GE130 -> 84.980387
D59: 머신 | E59: Machine Sales | F59: =F81 -> 1.499 | G59: =G81 -> 1.706 | H59: =H81 -> 1.869 | I59: =I81 -> 1.564 | J59: =J81 -> 1.809 | K59: =K81 -> 1.367 | L59: =L81 -> 1.449 | M59: =M81 -> 1.469 | ... W59: =W81 -> 1.832 | X59: =X81+X154 -> 2.119 | Y59: =Y81+Y154 -> 1.753 | Z59: =Z81+Z154 -> 1.978 | AA59: =AA81+AA154 -> 2.016 | AB59: =AB81+AB154 -> 1.827 | AC59: =AC81+AC154 -> 2.112 | AD59: =AD81+AD154 -> 1.928 | AE59: =AE81+AE154 -> 2.315 | ... AI59: =AI81+AI154 -> 2.125 | AJ59: =AJ81+AJ154+AJ104 -> 2.352 | AK59: =AK81+AK154+AK104 -> 2.36 | AL59: =AL81+AL154+AL104 -> 2.507 | AM59: =AM81+AM154+AM104 -> 2.743 | AN59: =AN81+AN154+AN104 -> 2.746 | AO59: =AO81+AO154+AO104 -> 2.831 | AP59: =AP81+AP154+AP104 -> 2.731 | AQ59: =AQ81+AQ154+AQ104 -> 2.371 | ... BG59: =BG81+BG154+BG104 -> 2.202 | BH59: =BH81+BH154+BH104+BH131 -> 3.07 | BI59: =BI81+BI154+BI104+BI131 -> 3.262 | BJ59: =BJ81+BJ154+BJ104+BJ131 -> 3.263 | BK59: =BK81+BK154+BK104+BK131 -> 3.115 | BL59: =BL81+BL154+BL104+BL131 -> 3.668 | BM59: =BM81+BM154+BM104+BM131 -> 3.255 | BN59: =BN81+BN154+BN104+BN131 -> 2.901 | BO59: =BO81+BO154+BO104+BO131 -> 2.655 | ... GE59: =GE81+GE154+GE104+GE131 -> 4.5286883
D60: 홀드율 | E60: Hold Rate | F60: =F61 -> 0.15733622 | G60: =G61 -> 0.1310364 | H60: =H61 -> 0.14200073 | I60: =I61 -> 0.14301263 | J60: =J61 -> 0.12287012 | K60: =K61 -> 0.12658104 | L60: =L61 -> 0.14033294 | M60: =M61 -> 0.13981182 | ... GE60: =GE61 -> 0.15866758
D61: 테이블 | E61: Hold Rate(Table) | F61: =F58/F50 -> 0.15733622 | G61: =G58/G50 -> 0.1310364 | H61: =H58/H50 -> 0.14200073 | I61: =I58/I50 -> 0.14301263 | J61: =J58/J50 -> 0.12287012 | K61: =K58/K50 -> 0.12658104 | L61: =L58/L50 -> 0.14033294 | M61: =M58/M50 -> 0.13981182 | ... GE61: =GE58/GE50 -> 0.15866758
D62: 매스 고객수 | E62: No. of MASS | F62: =#REF!-F63 -> #REF! | G62: =#REF!-G63 -> #REF! | H62: =#REF!-H63 -> #REF! | I62: =#REF!-I63 -> #REF! | J62: =#REF!-J63 -> #REF! | K62: =#REF!-K63 -> #REF! | L62: =#REF!-L63 -> #REF! | M62: =#REF!-M63 -> #REF! | ... CO62: =#REF!-CO63 -> #REF!
D63: VIP고객수 | E63: No. of VIPs | F63: =F86 -> 8857 | G63: =G86 -> 9002 | H63: =H86 -> 7630 | I63: =I86 -> 8292 | J63: =J86 -> 9392 | K63: =K86 -> 7759 | L63: =L86 -> 8569 | M63: =M86 -> 8281 | ... W63: =W86 -> 9177 | X63: =X86+X159 -> 10215 | Y63: =Y86+Y159 -> 10768 | Z63: =Z86+Z159 -> 10166 | AA63: =AA86+AA159 -> 11049 | AB63: =AB86+AB159 -> 9657 | AC63: =AC86+AC159 -> 10781 | AD63: =AD86+AD159 -> 11097 | AE63: =AE86+AE159 -> 10475 | ... AI63: =AI86+AI159 -> 10723 | AJ63: =AJ86+AJ159+AJ109 -> 12543 | AK63: =AK86+AK159+AK109 -> 14232 | AL63: =AL86+AL159+AL109 -> 13420 | AM63: =AM86+AM159+AM109 -> 14963 | AN63: =AN86+AN159+AN109 -> 14173 | AO63: =AO86+AO159+AO109 -> 14531 | AP63: =AP86+AP159+AP109 -> 14447 | AQ63: =AQ86+AQ159+AQ109 -> 13786 | ... BG63: =BG86+BG159+BG109 -> 7234 | BH63: =BH86+BH159+BH109+BH136 -> 9601 | BI63: =BI86+BI159+BI109+BI136 -> 12957 | BJ63: =BJ86+BJ159+BJ109+BJ136 -> 13783 | BK63: =BK86+BK159+BK109+BK136 -> 14484 | BL63: =BL86+BL159+BL109+BL136 -> 13049 | BM63: =BM86+BM159+BM109+BM136 -> 13262 | BN63: =BN86+BN159+BN109+BN136 -> 14005 | BO63: =BO86+BO159+BO109+BO136 -> 12544 | ... GE63: =GE86+GE159+GE109+GE136 -> 12665
D64: y-y(%) | E64: Growth Rate(y-y) | S64: =S63/G63-1 -> -0.14252388 | T64: =T63/H63-1 -> 0.16422018 | U64: =U63/I63-1 -> 0.17583213 | V64: =V63/J63-1 -> 0.061541738 | W64: =W63/K63-1 -> 0.18275551 | X64: =X63/L63-1 -> 0.19208776 | Y64: =Y63/M63-1 -> 0.30032605 | Z64: =Z63/N63-1 -> 0.18195559 | ... GE64: =GE63/FS63-1 -> 0.021206257
D65: 중국인 VIP | E65: China VIP | F65: =F88 -> 2334 | G65: =G88 -> 2897 | H65: =H88 -> 1828 | I65: =I88 -> 2330 | J65: =J88 -> 2510 | K65: =K88 -> 2263 | L65: =L88 -> 2152 | M65: =M88 -> 2286 | ... W65: =W88 -> 3075 | X65: =X88+X161 -> 3561 | Y65: =Y88+Y161 -> 3742 | Z65: =Z88+Z161 -> 3408 | AA65: =AA88+AA161 -> 4535 | AB65: =AB88+AB161 -> 3287 | AC65: =AC88+AC161 -> 4218 | AD65: =AD88+AD161 -> 4112 | AE65: =AE88+AE161 -> 4404 | ... AI65: =AI88+AI161 -> 4212 | AJ65: =AJ88+AJ161+AJ111 -> 5325 | AK65: =AK88+AK161+AK111 -> 6101 | AL65: =AL88+AL161+AL111 -> 5175 | AM65: =AM88+AM161+AM111 -> 7201 | AN65: =AN88+AN161+AN111 -> 6194 | AO65: =AO88+AO161+AO111 -> 6745 | AP65: =AP88+AP161+AP111 -> 6277 | AQ65: =AQ88+AQ161+AQ111 -> 6978 | ... BG65: =BG88+BG161+BG111 -> 2189 | BH65: =BH88+BH161+BH111+BH138 -> 3193 | BI65: =BI88+BI161+BI111+BI138 -> 4660 | BJ65: =BJ88+BJ161+BJ111+BJ138 -> 4502 | BK65: =BK88+BK161+BK111+BK138 -> 5614 | BL65: =BL88+BL161+BL111+BL138 -> 4365 | BM65: =BM88+BM161+BM111+BM138 -> 4902 | BN65: =BN88+BN161+BN111+BN138 -> 4979 | BO65: =BO88+BO161+BO111+BO138 -> 4949 | ... GE65: =GE88+GE161+GE111+GE138 -> 2741
D66: 일본인 VIP | E66: Japan VIP | F66: =F89 -> 4580 | G66: =G89 -> 4441 | H66: =H89 -> 3827 | I66: =I89 -> 4073 | J66: =J89 -> 5108 | K66: =K89 -> 3979 | L66: =L89 -> 4794 | M66: =M89 -> 4440 | ... W66: =W89 -> 4151 | X66: =X89+X162 -> 4789 | Y66: =Y89+Y162 -> 5179 | Z66: =Z89+Z162 -> 4741 | AA66: =AA89+AA162 -> 4680 | AB66: =AB89+AB162 -> 4623 | AC66: =AC89+AC162 -> 4750 | AD66: =AD89+AD162 -> 5058 | AE66: =AE89+AE162 -> 4262 | ... AI66: =AI89+AI162 -> 4637 | AJ66: =AJ89+AJ162+AJ114 -> 4918 | AK66: =AK89+AK162+AK114 -> 5972 | AL66: =AL89+AL162+AL114 -> 5974 | AM66: =AM89+AM162+AM114 -> 5356 | AN66: =AN89+AN162+AN114 -> 5625 | AO66: =AO89+AO162+AO114 -> 5285 | AP66: =AP89+AP162+AP114 -> 5560 | AQ66: =AQ89+AQ162+AQ114 -> 4346 | ... BG66: =BG89+BG162+BG114 -> 2267 | BH66: =BH89+BH162+BH114+BH139 -> 3006 | BI66: =BI89+BI162+BI114+BI139 -> 4724 | BJ66: =BJ89+BJ162+BJ114+BJ139 -> 5744 | BK66: =BK89+BK162+BK114+BK139 -> 4969 | BL66: =BL89+BL162+BL114+BL139 -> 5194 | BM66: =BM89+BM162+BM114+BM139 -> 4945 | BN66: =BN89+BN162+BN114+BN139 -> 5312 | BO66: =BO89+BO162+BO114+BO139 -> 3983 | ... GE66: =GE89+GE162+GE114+GE139 -> 6050
D67: 기타 VIP | E67: Others VIP | F67: =F90 -> 1943 | G67: =G90 -> 1664 | H67: =H90 -> 1975 | I67: =I90 -> 1889 | J67: =J90 -> 1774 | K67: =K90 -> 1517 | L67: =L90 -> 1623 | M67: =M90 -> 1555 | ... W67: =W90 -> 1951 | X67: =X90+X163 -> 1865 | Y67: =Y90+Y163 -> 1847 | Z67: =Z90+Z163 -> 2017 | AA67: =AA90+AA163 -> 1834 | AB67: =AB90+AB163 -> 1747 | AC67: =AC90+AC163 -> 1813 | AD67: =AD90+AD163 -> 1927 | AE67: =AE90+AE163 -> 1809 | ... AI67: =AI90+AI163 -> 1874 | AJ67: =AJ90+AJ163+AJ117 -> 2300 | AK67: =AK90+AK163+AK117 -> 2159 | AL67: =AL90+AL163+AL117 -> 2271 | AM67: =AM90+AM163+AM117 -> 2406 | AN67: =AN90+AN163+AN117 -> 2354 | AO67: =AO90+AO163+AO117 -> 2501 | AP67: =AP90+AP163+AP117 -> 2610 | AQ67: =AQ90+AQ163+AQ117 -> 2462 | ... BG67: =BG90+BG163+BG117 -> 2778 | BH67: =BH90+BH163+BH117+BH140 -> 3402 | BI67: =BI90+BI163+BI117+BI140 -> 3573 | BJ67: =BJ90+BJ163+BJ117+BJ140 -> 3537 | BK67: =BK90+BK163+BK117+BK140 -> 3901 | BL67: =BL90+BL163+BL117+BL140 -> 3490 | BM67: =BM90+BM163+BM117+BM140 -> 3415 | BN67: =BN90+BN163+BN117+BN140 -> 3714 | BO67: =BO90+BO163+BO117+BO140 -> 3612 | ... GE67: =GE90+GE163+GE117+GE140 -> 3874
D68: Walkerhill | DC68: =SUM(DA71:DC71)/SUM(DA88:DC88)*10^9 -> 48211080 | FK68: =SUM(FI71:FK71)/SUM(FI88:FK88)*10^9 -> 40605203 | FV68: =FW68/DC68-1 -> -0.18248068 | FW68: =SUM(FU71:FW71)/SUM(FU88:FW88)*10^9 -> 39413489 | FX68: =SUM(FX71)/SUM(FX88)*10^9 -> 40944593 | FY68: =SUM(FY71)/SUM(FY88)*10^9 -> 46192035 | FZ68: =SUM(FZ71)/SUM(FZ88)*10^9 -> 41693131 | GA68: =SUM(GA71)/SUM(GA88)*10^9 -> 44510130 | GB68: =SUM(GB71)/SUM(GB88)*10^9 -> 32733449 | GC68: =SUM(GC71)/SUM(GC88)*10^9 -> 36057711 | GD68: =SUM(GD71)/SUM(GD88)*10^9 -> 48202294 | GE68: =SUM(GE71)/SUM(GE88)*10^9 -> 46086173
C69: =Property!J1 -> 10 | D69: 드롭액 | E69: Drop | F69: =INDEX(Property!$A$1:$W$95,F$5,$C69)/1000 -> 195.632 | G69: =INDEX(Property!$A$1:$W$95,G$5,$C69)/1000 -> 212.399 | H69: =INDEX(Property!$A$1:$W$95,H$5,$C69)/1000 -> 172.647 | I69: =INDEX(Property!$A$1:$W$95,I$5,$C69)/1000 -> 175.481 | J69: =INDEX(Property!$A$1:$W$95,J$5,$C69)/1000 -> 189.623 | K69: =INDEX(Property!$A$1:$W$95,K$5,$C69)/1000 -> 194.966 | L69: =INDEX(Property!$A$1:$W$95,L$5,$C69)/1000 -> 181.896 | M69: =INDEX(Property!$A$1:$W$95,M$5,$C69)/1000 -> 204.482 | ... CR69: =INDEX(Property!$A$1:$W$95,CR$5,$C69)/1000 -> 171.62376 | CS69: =INDEX(Property!$A$1:$W$259,CS$5,$C69)/1000 -> 199.67247 | CT69: =INDEX(Property!$A$1:$W$259,CT$5,$C69)/1000 -> 180.98926 | CU69: =INDEX(Property!$A$1:$W$259,CU$5,$C69)/1000 -> 218.87651 | CV69: =INDEX(Property!$A$1:$W$259,CV$5,$C69)/1000 -> 184.34124 | CW69: =INDEX(Property!$A$1:$W$259,CW$5,$C69)/1000 -> 205.43315 | CX69: =INDEX(Property!$A$1:$W$259,CX$5,$C69)/1000 -> 219.10823 | CY69: =INDEX(Property!$A$1:$W$259,CY$5,$C69)/1000 -> 213.73816 | CZ69: =INDEX(Property!$A$1:$W$259,CZ$5,$C69)/1000 -> 226.08164 | ... GE69: =INDEX(Property!$A$1:$W$259,GE$5,$C69)/1000 -> 190.07046
D70: y-y(%) | E70: Growth Rate(y-y) | S70: =S69/G69-1 -> -0.016436047 | T70: =T69/H69-1 -> 0.37499059 | U70: =U69/I69-1 -> 0.29033343 | V70: =V69/J69-1 -> 0.17447251 | W70: =W69/K69-1 -> 0.14085533 | X70: =X69/L69-1 -> 0.35219576 | Y70: =Y69/M69-1 -> 0.043979421 | Z70: =Z69/N69-1 -> -0.017901598 | ... GE70: =GE69/FS69-1 -> -0.08432435
C71: 7 | D71: 중국인 VIP | E71: China VIP | F71: =INDEX(Walkerhill!$A$1:$O$95,F$5,$C71)/1000 -> 92.482 | G71: =INDEX(Walkerhill!$A$1:$O$95,G$5,$C71)/1000 -> 115.681 | H71: =INDEX(Walkerhill!$A$1:$O$95,H$5,$C71)/1000 -> 52.593 | I71: =INDEX(Walkerhill!$A$1:$O$95,I$5,$C71)/1000 -> 69.701 | J71: =INDEX(Walkerhill!$A$1:$O$95,J$5,$C71)/1000 -> 74.336 | K71: =INDEX(Walkerhill!$A$1:$O$95,K$5,$C71)/1000 -> 95.412 | L71: =INDEX(Walkerhill!$A$1:$O$95,L$5,$C71)/1000 -> 69.167 | M71: =INDEX(Walkerhill!$A$1:$O$95,M$5,$C71)/1000 -> 79.546 | ... CR71: =INDEX(Walkerhill!$A$1:$O$95,CR$5,$C71)/1000 -> 32.118572 | CS71: =INDEX(Walkerhill!$A$1:$O$262,CS$5,$C71)/1000 -> 35.299098 | CT71: =INDEX(Walkerhill!$A$1:$O$262,CT$5,$C71)/1000 -> 36.598262 | CU71: =INDEX(Walkerhill!$A$1:$O$262,CU$5,$C71)/1000 -> 73.652938 | CV71: =INDEX(Walkerhill!$A$1:$O$262,CV$5,$C71)/1000 -> 44.073117 | CW71: =INDEX(Walkerhill!$A$1:$O$262,CW$5,$C71)/1000 -> 55.961646 | CX71: =INDEX(Walkerhill!$A$1:$O$262,CX$5,$C71)/1000 -> 68.948226 | CY71: =INDEX(Walkerhill!$A$1:$O$262,CY$5,$C71)/1000 -> 72.353842 | CZ71: =INDEX(Walkerhill!$A$1:$O$262,CZ$5,$C71)/1000 -> 65.99766 | ... GE71: =INDEX(Walkerhill!$A$1:$O$262,GE$5,$C71)/1000 -> 43.735778
C72: 8 | D72: 일본인 VIP | E72: Japan VIP | F72: =INDEX(Walkerhill!$A$1:$O$95,F$5,$C72)/1000 -> 52.909 | G72: =INDEX(Walkerhill!$A$1:$O$95,G$5,$C72)/1000 -> 58.494 | H72: =INDEX(Walkerhill!$A$1:$O$95,H$5,$C72)/1000 -> 58.209 | I72: =INDEX(Walkerhill!$A$1:$O$95,I$5,$C72)/1000 -> 55.877 | J72: =INDEX(Walkerhill!$A$1:$O$95,J$5,$C72)/1000 -> 58.651 | K72: =INDEX(Walkerhill!$A$1:$O$95,K$5,$C72)/1000 -> 49.519 | L72: =INDEX(Walkerhill!$A$1:$O$95,L$5,$C72)/1000 -> 54.369 | M72: =INDEX(Walkerhill!$A$1:$O$95,M$5,$C72)/1000 -> 55.534 | ... CR72: =INDEX(Walkerhill!$A$1:$O$95,CR$5,$C72)/1000 -> 54.217874 | CS72: =INDEX(Walkerhill!$A$1:$O$262,CS$5,$C72)/1000 -> 68.309863 | CT72: =INDEX(Walkerhill!$A$1:$O$262,CT$5,$C72)/1000 -> 61.353951 | CU72: =INDEX(Walkerhill!$A$1:$O$262,CU$5,$C72)/1000 -> 55.240057 | CV72: =INDEX(Walkerhill!$A$1:$O$262,CV$5,$C72)/1000 -> 49.106465 | CW72: =INDEX(Walkerhill!$A$1:$O$262,CW$5,$C72)/1000 -> 56.031661 | CX72: =INDEX(Walkerhill!$A$1:$O$262,CX$5,$C72)/1000 -> 56.00152 | CY72: =INDEX(Walkerhill!$A$1:$O$262,CY$5,$C72)/1000 -> 50.833101 | CZ72: =INDEX(Walkerhill!$A$1:$O$262,CZ$5,$C72)/1000 -> 62.807521 | ... GE72: =INDEX(Walkerhill!$A$1:$O$262,GE$5,$C72)/1000 -> 58.080687
C73: =C72+1 -> 9 | D73: 기타 VIP | E73: Others VIP | F73: =INDEX(Walkerhill!$A$1:$O$95,F$5,$C73)/1000 -> 29.521 | G73: =INDEX(Walkerhill!$A$1:$O$95,G$5,$C73)/1000 -> 18.879 | H73: =INDEX(Walkerhill!$A$1:$O$95,H$5,$C73)/1000 -> 38.141 | I73: =INDEX(Walkerhill!$A$1:$O$95,I$5,$C73)/1000 -> 28.652 | J73: =INDEX(Walkerhill!$A$1:$O$95,J$5,$C73)/1000 -> 32.911 | K73: =INDEX(Walkerhill!$A$1:$O$95,K$5,$C73)/1000 -> 25.821 | L73: =INDEX(Walkerhill!$A$1:$O$95,L$5,$C73)/1000 -> 32.826 | M73: =INDEX(Walkerhill!$A$1:$O$95,M$5,$C73)/1000 -> 33.082 | ... CR73: =INDEX(Walkerhill!$A$1:$O$95,CR$5,$C73)/1000 -> 48.604565 | CS73: =INDEX(Walkerhill!$A$1:$O$262,CS$5,$C73)/1000 -> 58.91694 | CT73: =INDEX(Walkerhill!$A$1:$O$262,CT$5,$C73)/1000 -> 43.366177 | CU73: =INDEX(Walkerhill!$A$1:$O$262,CU$5,$C73)/1000 -> 47.430519 | CV73: =INDEX(Walkerhill!$A$1:$O$262,CV$5,$C73)/1000 -> 48.60696 | CW73: =INDEX(Walkerhill!$A$1:$O$262,CW$5,$C73)/1000 -> 50.659553 | CX73: =INDEX(Walkerhill!$A$1:$O$262,CX$5,$C73)/1000 -> 52.244745 | CY73: =INDEX(Walkerhill!$A$1:$O$262,CY$5,$C73)/1000 -> 53.907265 | CZ73: =INDEX(Walkerhill!$A$1:$O$262,CZ$5,$C73)/1000 -> 56.193729 | ... GE73: =INDEX(Walkerhill!$A$1:$O$262,GE$5,$C73)/1000 -> 44.281902
C74: =C73+1 -> 10 | D74: 매스 | E74: Mass | F74: =INDEX(Walkerhill!$A$1:$O$95,F$5,$C74)/1000 -> 20.72 | G74: =INDEX(Walkerhill!$A$1:$O$95,G$5,$C74)/1000 -> 19.345 | H74: =INDEX(Walkerhill!$A$1:$O$95,H$5,$C74)/1000 -> 23.704 | I74: =INDEX(Walkerhill!$A$1:$O$95,I$5,$C74)/1000 -> 21.251 | J74: =INDEX(Walkerhill!$A$1:$O$95,J$5,$C74)/1000 -> 23.725 | K74: =INDEX(Walkerhill!$A$1:$O$95,K$5,$C74)/1000 -> 24.214 | L74: =INDEX(Walkerhill!$A$1:$O$95,L$5,$C74)/1000 -> 25.534 | M74: =INDEX(Walkerhill!$A$1:$O$95,M$5,$C74)/1000 -> 36.32 | ... CR74: =INDEX(Walkerhill!$A$1:$O$95,CR$5,$C74)/1000 -> 36.682752 | CS74: =INDEX(Walkerhill!$A$1:$O$262,CS$5,$C74)/1000 -> 37.146571 | CT74: =INDEX(Walkerhill!$A$1:$O$262,CT$5,$C74)/1000 -> 39.670871 | CU74: =INDEX(Walkerhill!$A$1:$O$262,CU$5,$C74)/1000 -> 42.553 | CV74: =INDEX(Walkerhill!$A$1:$O$262,CV$5,$C74)/1000 -> 42.554695 | CW74: =INDEX(Walkerhill!$A$1:$O$262,CW$5,$C74)/1000 -> 42.780286 | CX74: =INDEX(Walkerhill!$A$1:$O$262,CX$5,$C74)/1000 -> 41.913743 | CY74: =INDEX(Walkerhill!$A$1:$O$262,CY$5,$C74)/1000 -> 36.643953 | CZ74: =INDEX(Walkerhill!$A$1:$O$262,CZ$5,$C74)/1000 -> 41.082734 | ... GE74: =INDEX(Walkerhill!$A$1:$O$262,GE$5,$C74)/1000 -> 43.97209
C75: =Walkerhill!C$1 -> 3 | D75: 정킷 | E75: Rolling Chip Turnover | F75: =INDEX(Walkerhill!$A$1:$W$95,F$5,$C75)/1000 -> 0 | G75: =INDEX(Walkerhill!$A$1:$W$95,G$5,$C75)/1000 -> 0 | H75: =INDEX(Walkerhill!$A$1:$W$95,H$5,$C75)/1000 -> 0 | I75: =INDEX(Walkerhill!$A$1:$W$95,I$5,$C75)/1000 -> 0 | J75: =INDEX(Walkerhill!$A$1:$W$95,J$5,$C75)/1000 -> 0 | K75: =INDEX(Walkerhill!$A$1:$W$95,K$5,$C75)/1000 -> 0 | L75: =INDEX(Walkerhill!$A$1:$W$95,L$5,$C75)/1000 -> 0 | M75: =INDEX(Walkerhill!$A$1:$W$95,M$5,$C75)/1000 -> 0 | ... CR75: =INDEX(Walkerhill!$A$1:$W$95,CR$5,$C75)/1000 -> 52.141 | CS75: =INDEX(Walkerhill!$A$1:$W$262,CS$5,$C75)/1000 -> 15.475 | CT75: =INDEX(Walkerhill!$A$1:$W$262,CT$5,$C75)/1000 -> 3.42 | CU75: =INDEX(Walkerhill!$A$1:$W$262,CU$5,$C75)/1000 -> 44.977 | CV75: =INDEX(Walkerhill!$A$1:$W$262,CV$5,$C75)/1000 -> 28.74 | CW75: =INDEX(Walkerhill!$A$1:$W$262,CW$5,$C75)/1000 -> 141.59 | CX75: =INDEX(Walkerhill!$A$1:$W$262,CX$5,$C75)/1000 -> 24.153 | CY75: =INDEX(Walkerhill!$A$1:$W$262,CY$5,$C75)/1000 -> 56.596 | CZ75: =INDEX(Walkerhill!$A$1:$W$262,CZ$5,$C75)/1000 -> 25.184 | ... GE75: =INDEX(Walkerhill!$A$1:$W$262,GE$5,$C75)/1000 -> 0
C76: =Walkerhill!D$1 -> 4 | D76: W/L | E76: Win/Loss | F76: =INDEX(Walkerhill!$A$1:$U$262,F$5,$C76)/1000 -> 0 | G76: =INDEX(Walkerhill!$A$1:$U$262,G$5,$C76)/1000 -> 0 | H76: =INDEX(Walkerhill!$A$1:$U$262,H$5,$C76)/1000 -> 0 | I76: =INDEX(Walkerhill!$A$1:$U$262,I$5,$C76)/1000 -> 0 | J76: =INDEX(Walkerhill!$A$1:$U$262,J$5,$C76)/1000 -> 0 | K76: =INDEX(Walkerhill!$A$1:$U$262,K$5,$C76)/1000 -> 0 | L76: =INDEX(Walkerhill!$A$1:$U$262,L$5,$C76)/1000 -> 0 | M76: =INDEX(Walkerhill!$A$1:$U$262,M$5,$C76)/1000 -> 0 | ... GE76: =INDEX(Walkerhill!$A$1:$U$262,GE$5,$C76)/1000 -> 0
C77: =Walkerhill!E$1 -> 5 | D77: 홀드율 | E77: Hold Rate | F77: =INDEX(Walkerhill!$A$1:$U$95,F$5,$C77) -> 0 | G77: =INDEX(Walkerhill!$A$1:$U$95,G$5,$C77) -> 0 | H77: =INDEX(Walkerhill!$A$1:$U$95,H$5,$C77) -> 0 | I77: =INDEX(Walkerhill!$A$1:$U$95,I$5,$C77) -> 0 | J77: =INDEX(Walkerhill!$A$1:$U$95,J$5,$C77) -> 0 | K77: =INDEX(Walkerhill!$A$1:$U$95,K$5,$C77) -> 0 | L77: =INDEX(Walkerhill!$A$1:$U$95,L$5,$C77) -> 0 | M77: =INDEX(Walkerhill!$A$1:$U$95,M$5,$C77) -> 0 | ... CR77: =INDEX(Walkerhill!$A$1:$U$95,CR$5,$C77) -> 0.015937554 | CS77: =INDEX(Walkerhill!$A$1:$U$262,CS$5,$C77) -> 0.12290792 | CT77: =INDEX(Walkerhill!$A$1:$U$262,CT$5,$C77) -> -0.11345029 | CU77: =INDEX(Walkerhill!$A$1:$U$262,CU$5,$C77) -> 0.063009983 | CV77: =INDEX(Walkerhill!$A$1:$U$262,CV$5,$C77) -> 0.0020180932 | CW77: =INDEX(Walkerhill!$A$1:$U$262,CW$5,$C77) -> 0.0010523342 | CX77: =INDEX(Walkerhill!$A$1:$U$262,CX$5,$C77) -> -0.08678011 | CY77: =INDEX(Walkerhill!$A$1:$U$262,CY$5,$C77) -> 0.029189342 | CZ77: =INDEX(Walkerhill!$A$1:$U$262,CZ$5,$C77) -> -0.074888818 | ... GE77: =INDEX(Walkerhill!$A$1:$U$262,GE$5,$C77) -> 0
C78: 16 | D78: 매출액 | E78: Sales | F78: =INDEX(Walkerhill!$A$1:$U$95,F$5,$C78)/1000 -> 32.279 | G78: =INDEX(Walkerhill!$A$1:$U$95,G$5,$C78)/1000 -> 29.538 | H78: =INDEX(Walkerhill!$A$1:$U$95,H$5,$C78)/1000 -> 26.385 | I78: =INDEX(Walkerhill!$A$1:$U$95,I$5,$C78)/1000 -> 26.66 | J78: =INDEX(Walkerhill!$A$1:$U$95,J$5,$C78)/1000 -> 25.108 | K78: =INDEX(Walkerhill!$A$1:$U$95,K$5,$C78)/1000 -> 26.046 | L78: =INDEX(Walkerhill!$A$1:$U$95,L$5,$C78)/1000 -> 26.975 | M78: =INDEX(Walkerhill!$A$1:$U$95,M$5,$C78)/1000 -> 30.058 | ... CR78: =INDEX(Walkerhill!$A$1:$U$95,CR$5,$C78)/1000 -> 26.677 | CS78: =INDEX(Walkerhill!$A$1:$U$262,CS$5,$C78)/1000 -> 21.651 | CT78: =INDEX(Walkerhill!$A$1:$U$262,CT$5,$C78)/1000 -> 20.22 | CU78: =INDEX(Walkerhill!$A$1:$U$262,CU$5,$C78)/1000 -> 35.843 | CV78: =INDEX(Walkerhill!$A$1:$U$262,CV$5,$C78)/1000 -> 20.664 | CW78: =INDEX(Walkerhill!$A$1:$U$262,CW$5,$C78)/1000 -> 24.278 | CX78: =INDEX(Walkerhill!$A$1:$U$262,CX$5,$C78)/1000 -> 23.763 | CY78: =INDEX(Walkerhill!$A$1:$U$262,CY$5,$C78)/1000 -> 22.975 | CZ78: =INDEX(Walkerhill!$A$1:$U$262,CZ$5,$C78)/1000 -> 20.49 | ... GE78: =INDEX(Walkerhill!$A$1:$U$262,GE$5,$C78)/1000 -> 29.828576
D79: y-y(%) | E79: Growth Rate(y-y) | S79: =S78/G78-1 -> -0.12637958 | T79: =T78/H78-1 -> 0.25658518 | U79: =U78/I78-1 -> 0.39294824 | V79: =V78/J78-1 -> 0.52588816 | W79: =W78/K78-1 -> -0.141826 | X79: =X78/L78-1 -> 0.16059314 | Y79: =Y78/M78-1 -> 0.0068201477 | Z79: =Z78/N78-1 -> 0.76128739 | ... GE79: =GE78/FS78-1 -> 0.045882743
C80: =Walkerhill!N1 -> 14 | D80: 테이블 | E80: Table Sales | F80: =INDEX(Walkerhill!$A$1:$O$95,F$5,$C80)/1000 -> 30.78 | G80: =INDEX(Walkerhill!$A$1:$O$95,G$5,$C80)/1000 -> 27.832 | H80: =INDEX(Walkerhill!$A$1:$O$95,H$5,$C80)/1000 -> 24.516 | I80: =INDEX(Walkerhill!$A$1:$O$95,I$5,$C80)/1000 -> 25.096 | J80: =INDEX(Walkerhill!$A$1:$O$95,J$5,$C80)/1000 -> 23.299 | K80: =INDEX(Walkerhill!$A$1:$O$95,K$5,$C80)/1000 -> 24.679 | L80: =INDEX(Walkerhill!$A$1:$O$95,L$5,$C80)/1000 -> 25.526 | M80: =INDEX(Walkerhill!$A$1:$O$95,M$5,$C80)/1000 -> 28.589 | ... R80: =INDEX(Walkerhill!$A$1:$O$95,R$5,$C80)/1000 -> 36.788 | S80: =INDEX(Walkerhill!$A$1:$U$95,S$5,$C80)/1000 -> 24.089 | T80: =INDEX(Walkerhill!$A$1:$U$95,T$5,$C80)/1000 -> 31.482 | U80: =INDEX(Walkerhill!$A$1:$U$95,U$5,$C80)/1000 -> 34.965 | V80: =INDEX(Walkerhill!$A$1:$U$95,V$5,$C80)/1000 -> 35.803 | W80: =INDEX(Walkerhill!$A$1:$U$95,W$5,$C80)/1000 -> 20.52 | X80: =INDEX(Walkerhill!$A$1:$U$95,X$5,$C80)/1000 -> 29.224 | Y80: =INDEX(Walkerhill!$A$1:$U$95,Y$5,$C80)/1000 -> 28.53 | Z80: =INDEX(Walkerhill!$A$1:$U$95,Z$5,$C80)/1000 -> 33.011 | ... CR80: =INDEX(Walkerhill!$A$1:$U$95,CR$5,$C80)/1000 -> 24.793 | CS80: =INDEX(Walkerhill!$A$1:$U$262,CS$5,$C80)/1000 -> 19.069 | CT80: =INDEX(Walkerhill!$A$1:$U$262,CT$5,$C80)/1000 -> 18.858 | CU80: =INDEX(Walkerhill!$A$1:$U$262,CU$5,$C80)/1000 -> 33.067 | CV80: =INDEX(Walkerhill!$A$1:$U$262,CV$5,$C80)/1000 -> 19.132 | CW80: =INDEX(Walkerhill!$A$1:$U$262,CW$5,$C80)/1000 -> 23.389 | CX80: =INDEX(Walkerhill!$A$1:$U$262,CX$5,$C80)/1000 -> 22.695 | CY80: =INDEX(Walkerhill!$A$1:$U$262,CY$5,$C80)/1000 -> 20.788 | CZ80: =INDEX(Walkerhill!$A$1:$U$262,CZ$5,$C80)/1000 -> 20.183 | ... GE80: =INDEX(Walkerhill!$A$1:$U$262,GE$5,$C80)/1000 -> 28.016407
C81: =C80+1 -> 15 | D81: 머신 | E81: Machine Sales | F81: =INDEX(Walkerhill!$A$1:$O$95,F$5,$C81)/1000 -> 1.499 | G81: =INDEX(Walkerhill!$A$1:$O$95,G$5,$C81)/1000 -> 1.706 | H81: =INDEX(Walkerhill!$A$1:$O$95,H$5,$C81)/1000 -> 1.869 | I81: =INDEX(Walkerhill!$A$1:$O$95,I$5,$C81)/1000 -> 1.564 | J81: =INDEX(Walkerhill!$A$1:$O$95,J$5,$C81)/1000 -> 1.809 | K81: =INDEX(Walkerhill!$A$1:$O$95,K$5,$C81)/1000 -> 1.367 | L81: =INDEX(Walkerhill!$A$1:$O$95,L$5,$C81)/1000 -> 1.449 | M81: =INDEX(Walkerhill!$A$1:$O$95,M$5,$C81)/1000 -> 1.469 | ... R81: =INDEX(Walkerhill!$A$1:$O$95,R$5,$C81)/1000 -> 1.77 | S81: =INDEX(Walkerhill!$A$1:$U$95,S$5,$C81)/1000 -> 1.716 | T81: =INDEX(Walkerhill!$A$1:$U$95,T$5,$C81)/1000 -> 1.673 | U81: =INDEX(Walkerhill!$A$1:$U$95,U$5,$C81)/1000 -> 2.171 | V81: =INDEX(Walkerhill!$A$1:$U$95,V$5,$C81)/1000 -> 2.509 | W81: =INDEX(Walkerhill!$A$1:$U$95,W$5,$C81)/1000 -> 1.832 | X81: =INDEX(Walkerhill!$A$1:$U$95,X$5,$C81)/1000 -> 2.083 | Y81: =INDEX(Walkerhill!$A$1:$U$95,Y$5,$C81)/1000 -> 1.733 | Z81: =INDEX(Walkerhill!$A$1:$U$95,Z$5,$C81)/1000 -> 1.903 | ... CR81: =INDEX(Walkerhill!$A$1:$U$95,CR$5,$C81)/1000 -> 1.882 | CS81: =INDEX(Walkerhill!$A$1:$U$262,CS$5,$C81)/1000 -> 1.755 | CT81: =INDEX(Walkerhill!$A$1:$U$262,CT$5,$C81)/1000 -> 1.702 | CU81: =INDEX(Walkerhill!$A$1:$U$262,CU$5,$C81)/1000 -> 1.712 | CV81: =INDEX(Walkerhill!$A$1:$U$262,CV$5,$C81)/1000 -> 1.732 | CW81: =INDEX(Walkerhill!$A$1:$U$262,CW$5,$C81)/1000 -> 1.969 | CX81: =INDEX(Walkerhill!$A$1:$U$262,CX$5,$C81)/1000 -> 2.309 | CY81: =INDEX(Walkerhill!$A$1:$U$262,CY$5,$C81)/1000 -> 1.808 | CZ81: =INDEX(Walkerhill!$A$1:$U$262,CZ$5,$C81)/1000 -> 1.41 | ... GE81: =INDEX(Walkerhill!$A$1:$U$262,GE$5,$C81)/1000 -> 1.8121691
D82: 정킷 | E82: Junket Sales | BO82: =BO78-BO80-BO81 -> 0 | BP82: =BP78-BP80-BP81 -> 0 | BQ82: =BQ78-BQ80-BQ81 -> 0 | BR82: =BR78-BR80-BR81 -> 0 | BS82: =BS78-BS80-BS81 -> 0 | BT82: =BT78-BT80-BT81 -> 0 | BU82: =BU78-BU80-BU81 -> 0 | BV82: =BV78-BV80-BV81 -> 0 | ... GE82: =GE78-GE80-GE81 -> 3.5527137e-15
C83: =Walkerhill!L1 -> 12 | D83: 홀드율 | E83: Hold Rate | F83: =INDEX(Walkerhill!$A$1:$U$95,F$5,$C83) -> 0.15733622 | G83: =INDEX(Walkerhill!$A$1:$U$95,G$5,$C83) -> 0.1310364 | H83: =INDEX(Walkerhill!$A$1:$U$95,H$5,$C83) -> 0.14200073 | I83: =INDEX(Walkerhill!$A$1:$U$95,I$5,$C83) -> 0.14301263 | J83: =INDEX(Walkerhill!$A$1:$U$95,J$5,$C83) -> 0.12287012 | K83: =INDEX(Walkerhill!$A$1:$U$95,K$5,$C83) -> 0.12658104 | L83: =INDEX(Walkerhill!$A$1:$U$95,L$5,$C83) -> 0.14033294 | M83: =INDEX(Walkerhill!$A$1:$U$95,M$5,$C83) -> 0.13981182 | ... CR83: =INDEX(Walkerhill!$A$1:$U$95,CR$5,$C83) -> 0.14446135 | CS83: =INDEX(Walkerhill!$A$1:$U$262,CS$5,$C83) -> 0.095501397 | CT83: =INDEX(Walkerhill!$A$1:$U$262,CT$5,$C83) -> 0.10419403 | CU83: =INDEX(Walkerhill!$A$1:$U$262,CU$5,$C83) -> 0.15107605 | CV83: =INDEX(Walkerhill!$A$1:$U$262,CV$5,$C83) -> 0.10378579 | CW83: =INDEX(Walkerhill!$A$1:$U$262,CW$5,$C83) -> 0.11385212 | CX83: =INDEX(Walkerhill!$A$1:$U$262,CX$5,$C83) -> 0.10357895 | CY83: =INDEX(Walkerhill!$A$1:$U$262,CY$5,$C83) -> 0.097259188 | CZ83: =INDEX(Walkerhill!$A$1:$U$262,CZ$5,$C83) -> 0.089273059 | ... GE83: =INDEX(Walkerhill!$A$1:$U$262,GE$5,$C83) -> 0.14740011
D84: 테이블 | E84: Hold Rate(Table) | F84: =F80/F69 -> 0.15733622 | G84: =G80/G69 -> 0.1310364 | H84: =H80/H69 -> 0.14200073 | I84: =I80/I69 -> 0.14301263 | J84: =J80/J69 -> 0.12287012 | K84: =K80/K69 -> 0.12658104 | L84: =L80/L69 -> 0.14033294 | M84: =M80/M69 -> 0.13981182 | ... GE84: =GE80/GE69 -> 0.14740011
D85: 매스 고객수 | E85: No. of MASS | CX85: =CX72*10^3/CX89 -> 25.548139 | CY85: =CY72*10^3/CY89 -> 31.205096 | CZ85: =CZ72*10^3/CZ89 -> 26.64723 | DA85: =DA72*10^3/DA89 -> 29.121283 | FF85: =FF72*10^3/FF89 -> 33.332943 | FG85: =FG72*10^3/FG89 -> 34.294961 | FH85: =FH72*10^3/FH89 -> 37.617064 | FI85: =FI72*10^3/FI89 -> 33.459875 | FJ85: =FJ72*10^3/FJ89 -> 36.56991 | FK85: =FK72*10^3/FK89 -> 33.776496 | FL85: =FL72*10^3/FL89 -> 38.479926 | FM85: =FM72*10^3/FM89 -> 39.439983 | ... GE85: =GE72*10^3/GE89 -> 36.853228
C86: =Walkerhill!T1 -> 20 | D86: VIP고객수 | E86: No. of VIPs | F86: =INDEX(Walkerhill!$A$1:$AM$262,F$5,$C86) -> 8857 | G86: =INDEX(Walkerhill!$A$1:$AM$262,G$5,$C86) -> 9002 | H86: =INDEX(Walkerhill!$A$1:$AM$262,H$5,$C86) -> 7630 | I86: =INDEX(Walkerhill!$A$1:$AM$262,I$5,$C86) -> 8292 | J86: =INDEX(Walkerhill!$A$1:$AM$262,J$5,$C86) -> 9392 | K86: =INDEX(Walkerhill!$A$1:$AM$262,K$5,$C86) -> 7759 | L86: =INDEX(Walkerhill!$A$1:$AM$262,L$5,$C86) -> 8569 | M86: =INDEX(Walkerhill!$A$1:$AM$262,M$5,$C86) -> 8281 | ... GE86: =INDEX(Walkerhill!$A$1:$AM$262,GE$5,$C86) -> 4286
D87: y-y(%) | E87: Growth Rate(y-y) | S87: =S86/G86-1 -> -0.14252388 | T87: =T86/H86-1 -> 0.16422018 | U87: =U86/I86-1 -> 0.17583213 | V87: =V86/J86-1 -> 0.061541738 | W87: =W86/K86-1 -> 0.18275551 | X87: =X86/L86-1 -> 0.055899171 | Y87: =Y86/M86-1 -> 0.14949885 | Z87: =Z86/N86-1 -> 0.017788629 | ... GE87: =GE86/FS86-1 -> -0.095207938
C88: =Walkerhill!Q1 -> 17 | D88: 중국인 VIP | E88: China VIP | F88: =INDEX(Walkerhill!$A$1:$AM$262,F$5,$C88) -> 2334 | G88: =INDEX(Walkerhill!$A$1:$AM$262,G$5,$C88) -> 2897 | H88: =INDEX(Walkerhill!$A$1:$AM$262,H$5,$C88) -> 1828 | I88: =INDEX(Walkerhill!$A$1:$AM$262,I$5,$C88) -> 2330 | J88: =INDEX(Walkerhill!$A$1:$AM$262,J$5,$C88) -> 2510 | K88: =INDEX(Walkerhill!$A$1:$AM$262,K$5,$C88) -> 2263 | L88: =INDEX(Walkerhill!$A$1:$AM$262,L$5,$C88) -> 2152 | M88: =INDEX(Walkerhill!$A$1:$AM$262,M$5,$C88) -> 2286 | ... GE88: =INDEX(Walkerhill!$A$1:$AM$262,GE$5,$C88) -> 949
C89: =C88+1 -> 18 | D89: 일본인 VIP | E89: Japan VIP | F89: =INDEX(Walkerhill!$A$1:$AM$262,F$5,$C89) -> 4580 | G89: =INDEX(Walkerhill!$A$1:$AM$262,G$5,$C89) -> 4441 | H89: =INDEX(Walkerhill!$A$1:$AM$262,H$5,$C89) -> 3827 | I89: =INDEX(Walkerhill!$A$1:$AM$262,I$5,$C89) -> 4073 | J89: =INDEX(Walkerhill!$A$1:$AM$262,J$5,$C89) -> 5108 | K89: =INDEX(Walkerhill!$A$1:$AM$262,K$5,$C89) -> 3979 | L89: =INDEX(Walkerhill!$A$1:$AM$262,L$5,$C89) -> 4794 | M89: =INDEX(Walkerhill!$A$1:$AM$262,M$5,$C89) -> 4440 | ... GE89: =INDEX(Walkerhill!$A$1:$AM$262,GE$5,$C89) -> 1576
C90: =C89+1 -> 19 | D90: 기타 VIP | E90: Others VIP | F90: =INDEX(Walkerhill!$A$1:$AM$262,F$5,$C90) -> 1943 | G90: =INDEX(Walkerhill!$A$1:$AM$262,G$5,$C90) -> 1664 | H90: =INDEX(Walkerhill!$A$1:$AM$262,H$5,$C90) -> 1975 | I90: =INDEX(Walkerhill!$A$1:$AM$262,I$5,$C90) -> 1889 | J90: =INDEX(Walkerhill!$A$1:$AM$262,J$5,$C90) -> 1774 | K90: =INDEX(Walkerhill!$A$1:$AM$262,K$5,$C90) -> 1517 | L90: =INDEX(Walkerhill!$A$1:$AM$262,L$5,$C90) -> 1623 | M90: =INDEX(Walkerhill!$A$1:$AM$262,M$5,$C90) -> 1555 | ... GE90: =INDEX(Walkerhill!$A$1:$AM$262,GE$5,$C90) -> 1761
D91: Paradise City | BJ91: =BJ97/BJ92 -> 0.06390704 | BV91: =BV97/BV92 -> 0.05447416 | CH91: =CH97/CH92 -> 0.15391667 | CI91: =SUM(CR97:CT97)/SUM(CR92:CT92) -> 0.14300683 | CJ91: =SUM(CU97:CW97)/SUM(CU92:CW92) -> 0.16217545 | CK91: =SUM(CX97:CZ97)/SUM(CX92:CZ92) -> 0.15375336 | CL91: =SUM(DA97:DC97)/SUM(DA92:DC92) -> 0.15656526 | CM91: =SUM(DD97:DF97)/SUM(DD92:DF92) -> 0.17645736 | CN91: =CN97/CN92 -> 0.12679711 | CO91: =CO97/CO92 -> 0.14864396 | CP91: =CP97/CP92 -> 0.162233 | CQ91: =CQ97/CQ92 -> 0.13649907 | CR91: =CR97/CR92 -> 0.14942444 | CS91: =CS97/CS92 -> 0.14155036 | CT91: =CT97/CT92 -> 0.13866338 | CU91: =CU97/CU92 -> 0.14755836 | ... DB91: =DB97/DB92 -> 0.14943897 | DC91: =SUM(DA94:DC94)/SUM(DA111:DC111)*10^9 -> 35286196 | FK91: =SUM(FI94:FK94)/SUM(FI111:FK111)*10^9 -> 31570319 | FV91: =FW91/DC91-1 -> -0.20226065 | FW91: =SUM(FU94:FW94)/SUM(FU111:FW111)*10^9 -> 28149187 | FX91: =SUM(FX94)/SUM(FX111)*10^9 -> 34764654 | FY91: =SUM(FY94)/SUM(FY111)*10^9 -> 35640751
C92: =Property!K1 -> 11 | D92: 드롭액 | E92: Drop | F92: =INDEX(Property!$A$1:$W$259,F$5,$C92)/1000 -> 68.535 | G92: =INDEX(Property!$A$1:$W$259,G$5,$C92)/1000 -> 60.372 | H92: =INDEX(Property!$A$1:$W$259,H$5,$C92)/1000 -> 59.855 | I92: =INDEX(Property!$A$1:$W$259,I$5,$C92)/1000 -> 72.36 | J92: =INDEX(Property!$A$1:$W$259,J$5,$C92)/1000 -> 83.584 | K92: =INDEX(Property!$A$1:$W$259,K$5,$C92)/1000 -> 69.26 | L92: =INDEX(Property!$A$1:$W$259,L$5,$C92)/1000 -> 78.968 | M92: =INDEX(Property!$A$1:$W$259,M$5,$C92)/1000 -> 72.019 | ... GE92: =INDEX(Property!$A$1:$W$259,GE$5,$C92)/1000 -> 273.51478
D93: y-y(%) | E93: Growth Rate(y-y) | F93: =F92/#REF!-1 -> #REF! | G93: =G92/#REF!-1 -> #REF! | H93: =H92/#REF!-1 -> #REF! | I93: =I92/#REF!-1 -> #REF! | J93: =J92/#REF!-1 -> #REF! | K93: =K92/#REF!-1 -> #REF! | L93: =L92/#REF!-1 -> #REF! | M93: =M92/#REF!-1 -> #REF! | ... AI93: =AI92/#REF!-1 -> #REF! | AJ93: =AJ92/X92-1 -> 0.031053445 | AK93: =AK92/Y92-1 -> 0.26672699 | AL93: =AL92/Z92-1 -> 0.21401385 | AM93: =AM92/AA92-1 -> 0.14519987 | AN93: =AN92/AB92-1 -> 0.24429917 | AO93: =AO92/AC92-1 -> 0.051478217 | AP93: =AP92/AD92-1 -> -0.019774658 | AQ93: =AQ92/AE92-1 -> 0.3214461 | ... GE93: =GE92/FS92-1 -> -0.00083369909
C94: =City!G1 -> 7 | D94: 중국인 VIP | E94: China VIP | F94: =INDEX(City!$A$1:$P$260,F$5,$C94)/1000 -> 52.959 | G94: =INDEX(City!$A$1:$P$260,G$5,$C94)/1000 -> 37.691 | H94: =INDEX(City!$A$1:$P$260,H$5,$C94)/1000 -> 36.861 | I94: =INDEX(City!$A$1:$P$260,I$5,$C94)/1000 -> 44.2 | J94: =INDEX(City!$A$1:$P$260,J$5,$C94)/1000 -> 61.697 | K94: =INDEX(City!$A$1:$P$260,K$5,$C94)/1000 -> 50.523 | L94: =INDEX(City!$A$1:$P$260,L$5,$C94)/1000 -> 57.54 | M94: =INDEX(City!$A$1:$P$260,M$5,$C94)/1000 -> 53.56 | ... GE94: =INDEX(City!$A$1:$P$260,GE$5,$C94)/1000 -> 26.424237
C95: =C94+1 -> 8 | D95: 일본인 VIP | E95: Japan VIP | F95: =INDEX(City!$A$1:$P$260,F$5,$C95)/1000 -> 7.816 | G95: =INDEX(City!$A$1:$P$260,G$5,$C95)/1000 -> 14.894 | H95: =INDEX(City!$A$1:$P$260,H$5,$C95)/1000 -> 14.072 | I95: =INDEX(City!$A$1:$P$260,I$5,$C95)/1000 -> 18.145 | J95: =INDEX(City!$A$1:$P$260,J$5,$C95)/1000 -> 14.332 | K95: =INDEX(City!$A$1:$P$260,K$5,$C95)/1000 -> 9.935 | L95: =INDEX(City!$A$1:$P$260,L$5,$C95)/1000 -> 10.236 | M95: =INDEX(City!$A$1:$P$260,M$5,$C95)/1000 -> 9.413 | ... GE95: =INDEX(City!$A$1:$P$260,GE$5,$C95)/1000 -> 139.07446
C96: =C95+1 -> 9 | D96: 기타 VIP | E96: Others VIP | F96: =INDEX(City!$A$1:$P$260,F$5,$C96)/1000 -> 4.155 | G96: =INDEX(City!$A$1:$P$260,G$5,$C96)/1000 -> 5.163 | H96: =INDEX(City!$A$1:$P$260,H$5,$C96)/1000 -> 6.227 | I96: =INDEX(City!$A$1:$P$260,I$5,$C96)/1000 -> 6.115 | J96: =INDEX(City!$A$1:$P$260,J$5,$C96)/1000 -> 4.541 | K96: =INDEX(City!$A$1:$P$260,K$5,$C96)/1000 -> 6.332 | L96: =INDEX(City!$A$1:$P$260,L$5,$C96)/1000 -> 8.023 | M96: =INDEX(City!$A$1:$P$260,M$5,$C96)/1000 -> 6.34 | ... GE96: =INDEX(City!$A$1:$P$260,GE$5,$C96)/1000 -> 36.767634
C97: =C96+1 -> 10 | D97: 매스 | E97: Mass | F97: =INDEX(City!$A$1:$P$260,F$5,$C97)/1000 -> 3.605 | G97: =INDEX(City!$A$1:$P$260,G$5,$C97)/1000 -> 2.624 | H97: =INDEX(City!$A$1:$P$260,H$5,$C97)/1000 -> 2.695 | I97: =INDEX(City!$A$1:$P$260,I$5,$C97)/1000 -> 3.9 | J97: =INDEX(City!$A$1:$P$260,J$5,$C97)/1000 -> 3.014 | K97: =INDEX(City!$A$1:$P$260,K$5,$C97)/1000 -> 2.47 | L97: =INDEX(City!$A$1:$P$260,L$5,$C97)/1000 -> 3.169 | M97: =INDEX(City!$A$1:$P$260,M$5,$C97)/1000 -> 2.706 | ... GE97: =INDEX(City!$A$1:$P$260,GE$5,$C97)/1000 -> 71.248449
C98: =City!C$1 -> 3 | D98: 정킷 | E98: Rolling Chip Turnover | F98: =INDEX(City!$A$1:$P$95,F$5,$C98)/1000 -> 0 | G98: =INDEX(City!$A$1:$P$95,G$5,$C98)/1000 -> 0 | H98: =INDEX(City!$A$1:$P$95,H$5,$C98)/1000 -> 0 | I98: =INDEX(City!$A$1:$P$95,I$5,$C98)/1000 -> 0 | J98: =INDEX(City!$A$1:$P$95,J$5,$C98)/1000 -> 0 | K98: =INDEX(City!$A$1:$P$95,K$5,$C98)/1000 -> 0 | L98: =INDEX(City!$A$1:$P$95,L$5,$C98)/1000 -> 0 | M98: =INDEX(City!$A$1:$P$95,M$5,$C98)/1000 -> 0 | ... CR98: =INDEX(City!$A$1:$P$95,CR$5,$C98)/1000 -> 131.253 | CS98: =INDEX(City!$A$1:$P$260,CS$5,$C98)/1000 -> 119.291 | CT98: =INDEX(City!$A$1:$P$260,CT$5,$C98)/1000 -> 58.498 | CU98: =INDEX(City!$A$1:$P$260,CU$5,$C98)/1000 -> 627.796 | CV98: =INDEX(City!$A$1:$P$260,CV$5,$C98)/1000 -> 64.311 | CW98: =INDEX(City!$A$1:$P$260,CW$5,$C98)/1000 -> 92.503 | CX98: =INDEX(City!$A$1:$P$260,CX$5,$C98)/1000 -> 137.081 | CY98: =INDEX(City!$A$1:$P$260,CY$5,$C98)/1000 -> 106.099 | CZ98: =INDEX(City!$A$1:$P$260,CZ$5,$C98)/1000 -> 192.191 | ... GE98: =INDEX(City!$A$1:$P$260,GE$5,$C98)/1000 -> 0
C99: =City!D$1 -> 4 | D99: W/L | E99: Win/Loss | F99: =INDEX(City!$A$1:$P$260,F$5,$C99)/1000 -> 0 | G99: =INDEX(City!$A$1:$P$260,G$5,$C99)/1000 -> 0 | H99: =INDEX(City!$A$1:$P$260,H$5,$C99)/1000 -> 0 | I99: =INDEX(City!$A$1:$P$260,I$5,$C99)/1000 -> 0 | J99: =INDEX(City!$A$1:$P$260,J$5,$C99)/1000 -> 0 | K99: =INDEX(City!$A$1:$P$260,K$5,$C99)/1000 -> 0 | L99: =INDEX(City!$A$1:$P$260,L$5,$C99)/1000 -> 0 | M99: =INDEX(City!$A$1:$P$260,M$5,$C99)/1000 -> 0 | ... GE99: =INDEX(City!$A$1:$P$260,GE$5,$C99)/1000 -> 0
C100: =City!E$1 -> 5 | D100: 홀드율 | E100: Hold Rate | F100: =INDEX(City!$A$1:$P$95,F$5,$C100) -> 0 | G100: =INDEX(City!$A$1:$P$95,G$5,$C100) -> 0 | H100: =INDEX(City!$A$1:$P$95,H$5,$C100) -> 0 | I100: =INDEX(City!$A$1:$P$95,I$5,$C100) -> 0 | J100: =INDEX(City!$A$1:$P$95,J$5,$C100) -> 0 | K100: =INDEX(City!$A$1:$P$95,K$5,$C100) -> 0 | L100: =INDEX(City!$A$1:$P$95,L$5,$C100) -> 0 | M100: =INDEX(City!$A$1:$P$95,M$5,$C100) -> 0 | ... CR100: =INDEX(City!$A$1:$P$95,CR$5,$C100) -> 0.049713149 | CS100: =INDEX(City!$A$1:$P$260,CS$5,$C100) -> 0.0089780453 | CT100: =INDEX(City!$A$1:$P$260,CT$5,$C100) -> 0.020034873 | CU100: =INDEX(City!$A$1:$P$260,CU$5,$C100) -> 0.0094377792 | CV100: =INDEX(City!$A$1:$P$260,CV$5,$C100) -> -0.006546314 | CW100: =INDEX(City!$A$1:$P$260,CW$5,$C100) -> 0.066614056 | CX100: =INDEX(City!$A$1:$P$260,CX$5,$C100) -> 0.044594072 | CY100: =INDEX(City!$A$1:$P$260,CY$5,$C100) -> -0.011413868 | CZ100: =INDEX(City!$A$1:$P$260,CZ$5,$C100) -> 0.0072063728 | ... GE100: =INDEX(City!$A$1:$P$260,GE$5,$C100) -> 0
C101: =City!P1 -> 16 | D101: 매출액 | E101: Sales | F101: =INDEX(City!$A$1:$P$260,F$5,$C101)/1000 -> 9.765 | G101: =INDEX(City!$A$1:$P$260,G$5,$C101)/1000 -> 3.576 | H101: =INDEX(City!$A$1:$P$260,H$5,$C101)/1000 -> 3.256 | I101: =INDEX(City!$A$1:$P$260,I$5,$C101)/1000 -> 5.054 | J101: =INDEX(City!$A$1:$P$260,J$5,$C101)/1000 -> 5.134 | K101: =INDEX(City!$A$1:$P$260,K$5,$C101)/1000 -> 4.316 | L101: =INDEX(City!$A$1:$P$260,L$5,$C101)/1000 -> 8.768 | M101: =INDEX(City!$A$1:$P$260,M$5,$C101)/1000 -> 5.874 | ... GE101: =INDEX(City!$A$1:$P$260,GE$5,$C101)/1000 -> 40.029664
...

Sheet Quarterly
D2: Key Indicators
D3: Paradise Quarterly | X3: 중국 공안의 불법 마케팅 관련 체포 | AE3: 2017년 4월 1차개장
F4: Walkerhill Only | L4: >Jeju Grand | P4: >Incheon | X4: >Busan | AE4: >P-City | AJ4: >P-City 2nd
F5: =G5-1 -> 182 | G5: =H5-1 -> 183 | H5: =I5-1 -> 184 | I5: =J5-1 -> 185 | J5: =K5-1 -> 186 | K5: =L5-1 -> 187 | L5: =M5-1 -> 188 | M5: =N5-1 -> 189 | ... BF5: =BG5-1 -> 234 | BG5: 235 | BH5: =BG5+1 -> 236 | BI5: =BH5+1 -> 237 | BJ5: =BI5+1 -> 238 | BK5: =BJ5+1 -> 239 | BL5: =BK5+1 -> 240 | BM5: =BL5+1 -> 241
D7: (Wbn,%, Persons) | F7: 1Q11 | G7: 2Q11 | H7: 3Q11 | I7: 4Q11 | J7: 1Q12 | K7: 2Q12 | L7: 3Q12 | M7: 4Q12 | N7: 1Q13 | O7: 2Q13 | P7: 3Q13 | Q7: 4Q13 | R7: 1Q14 | S7: 2Q14 | T7: 3Q14 | U7: 4Q14 | V7: 1Q15 | W7: 2Q15 | X7: 3Q15 | Y7: 4Q15 | Z7: 1Q16 | AA7: 2Q16 | AB7: 3Q16 | AC7: 4Q16 | AD7: 1Q17 | AE7: 2Q17 | AF7: 3Q17 | AG7: 4Q17 | AH7: 1Q18 | AI7: 2Q18 | AJ7: 3Q18 | AK7: 4Q18 | AL7: 1Q19 | AM7: 2Q19 | AN7: 3Q19 | AO7: 4Q19 | AP7: 1Q20 | AQ7: 2Q20 | AR7: 3Q20 | AS7: 4Q20 | AT7: 1Q21 | AU7: 2Q21 | AV7: 3Q21 | AW7: 4Q21 | AX7: 1Q22 | AY7: 2Q22 | AZ7: 3Q22 | BA7: 4Q22 | BB7: 1Q23 | BC7: 2Q23 | BD7: 3Q23 | BE7: 4Q23 | BF7: 1Q24 | BG7: 2Q24 | BH7: 3Q24 | BI7: 4Q24 | BJ7: 1Q25 | BK7: 2Q25 | BL7: 3Q25 | BM7: 4Q25
D8: Consolidated
D9: 드롭액 | E9: Drop | F9: =SUMIF(Monthly!$6:$6,Quarterly!F$7,Monthly!9:9) -> 953.56347 | G9: =SUMIF(Monthly!$6:$6,Quarterly!G$7,Monthly!9:9) -> 995.78266 | H9: =SUMIF(Monthly!$6:$6,Quarterly!H$7,Monthly!9:9) -> 1060.9248 | I9: =SUMIF(Monthly!$6:$6,Quarterly!I$7,Monthly!9:9) -> 1163.7018 | J9: =SUMIF(Monthly!$6:$6,Quarterly!J$7,Monthly!9:9) -> 1099.9075 | K9: =SUMIF(Monthly!$6:$6,Quarterly!K$7,Monthly!9:9) -> 1127.8007 | L9: =SUMIF(Monthly!$6:$6,Quarterly!L$7,Monthly!9:9) -> 1190.207 | M9: =SUMIF(Monthly!$6:$6,Quarterly!M$7,Monthly!9:9) -> 1250.1375 | ... BM9: =SUMIF(Monthly!$6:$6,Quarterly!BM$7,Monthly!9:9) -> 1812.542
D10: y-y(%) | E10: Growth Rate(y-y) | J10: =J9/F9-1 -> 0.15347073 | K10: =K9/G9-1 -> 0.13257719 | L10: =L9/H9-1 -> 0.12185805 | M10: =M9/I9-1 -> 0.07427646 | N10: =N9/J9-1 -> 0.17307554 | O10: =O9/K9-1 -> 0.15670393 | P10: =P9/L9-1 -> 0.14115111 | Q10: =Q9/M9-1 -> 0.23461181 | ... BM10: =BM9/BI9-1 -> 0.090609006
D11: 중국인 VIP | E11: China VIP | F11: =SUMIF(Monthly!$6:$6,Quarterly!F$7,Monthly!11:11) -> 479.76504 | G11: =SUMIF(Monthly!$6:$6,Quarterly!G$7,Monthly!11:11) -> 501.35476 | H11: =SUMIF(Monthly!$6:$6,Quarterly!H$7,Monthly!11:11) -> 508.27859 | I11: =SUMIF(Monthly!$6:$6,Quarterly!I$7,Monthly!11:11) -> 600.60338 | J11: =SUMIF(Monthly!$6:$6,Quarterly!J$7,Monthly!11:11) -> 618.86179 | K11: =SUMIF(Monthly!$6:$6,Quarterly!K$7,Monthly!11:11) -> 660.86725 | L11: =SUMIF(Monthly!$6:$6,Quarterly!L$7,Monthly!11:11) -> 662.36357 | M11: =SUMIF(Monthly!$6:$6,Quarterly!M$7,Monthly!11:11) -> 708.76325 | ... BM11: =SUMIF(Monthly!$6:$6,Quarterly!BM$7,Monthly!11:11) -> 301.82626
D12: 일본인 VIP | E12: Japan VIP | F12: =SUMIF(Monthly!$6:$6,Quarterly!F$7,Monthly!13:13) -> 266.55039 | G12: =SUMIF(Monthly!$6:$6,Quarterly!G$7,Monthly!13:13) -> 279.64064 | H12: =SUMIF(Monthly!$6:$6,Quarterly!H$7,Monthly!13:13) -> 293.78394 | I12: =SUMIF(Monthly!$6:$6,Quarterly!I$7,Monthly!13:13) -> 284.68791 | J12: =SUMIF(Monthly!$6:$6,Quarterly!J$7,Monthly!13:13) -> 277.44034 | K12: =SUMIF(Monthly!$6:$6,Quarterly!K$7,Monthly!13:13) -> 262.92659 | L12: =SUMIF(Monthly!$6:$6,Quarterly!L$7,Monthly!13:13) -> 289.04524 | M12: =SUMIF(Monthly!$6:$6,Quarterly!M$7,Monthly!13:13) -> 310.24645 | ... BM12: =SUMIF(Monthly!$6:$6,Quarterly!BM$7,Monthly!13:13) -> 723.23978
D13: 기타 VIP | E13: Others VIP | F13: =SUMIF(Monthly!$6:$6,Quarterly!F$7,Monthly!15:15) -> 123.60498 | G13: =SUMIF(Monthly!$6:$6,Quarterly!G$7,Monthly!15:15) -> 122.86259 | H13: =SUMIF(Monthly!$6:$6,Quarterly!H$7,Monthly!15:15) -> 147.36052 | I13: =SUMIF(Monthly!$6:$6,Quarterly!I$7,Monthly!15:15) -> 154.9576 | J13: =SUMIF(Monthly!$6:$6,Quarterly!J$7,Monthly!15:15) -> 108.42705 | K13: =SUMIF(Monthly!$6:$6,Quarterly!K$7,Monthly!15:15) -> 105.60901 | L13: =SUMIF(Monthly!$6:$6,Quarterly!L$7,Monthly!15:15) -> 139.09651 | M13: =SUMIF(Monthly!$6:$6,Quarterly!M$7,Monthly!15:15) -> 125.15281 | ... BM13: =SUMIF(Monthly!$6:$6,Quarterly!BM$7,Monthly!15:15) -> 345.10917
D14: 매스 | E14: Mass | F14: =SUMIF(Monthly!$6:$6,Quarterly!F$7,Monthly!17:17) -> 83.643058 | G14: =SUMIF(Monthly!$6:$6,Quarterly!G$7,Monthly!17:17) -> 91.924675 | H14: =SUMIF(Monthly!$6:$6,Quarterly!H$7,Monthly!17:17) -> 111.50177 | I14: =SUMIF(Monthly!$6:$6,Quarterly!I$7,Monthly!17:17) -> 123.45293 | J14: =SUMIF(Monthly!$6:$6,Quarterly!J$7,Monthly!17:17) -> 95.178368 | K14: =SUMIF(Monthly!$6:$6,Quarterly!K$7,Monthly!17:17) -> 98.397873 | L14: =SUMIF(Monthly!$6:$6,Quarterly!L$7,Monthly!17:17) -> 99.701727 | M14: =SUMIF(Monthly!$6:$6,Quarterly!M$7,Monthly!17:17) -> 105.97497 | ... BM14: =SUMIF(Monthly!$6:$6,Quarterly!BM$7,Monthly!17:17) -> 442.36503
D15: 정킷 | E15: Rolling Chip Rate | F15: =SUMIF(Monthly!$6:$6,Quarterly!F$7,Monthly!19:19) -> 0 | G15: =SUMIF(Monthly!$6:$6,Quarterly!G$7,Monthly!19:19) -> 0 | H15: =SUMIF(Monthly!$6:$6,Quarterly!H$7,Monthly!19:19) -> 0 | I15: =SUMIF(Monthly!$6:$6,Quarterly!I$7,Monthly!19:19) -> 0 | J15: =SUMIF(Monthly!$6:$6,Quarterly!J$7,Monthly!19:19) -> 0 | K15: =SUMIF(Monthly!$6:$6,Quarterly!K$7,Monthly!19:19) -> 0 | L15: =SUMIF(Monthly!$6:$6,Quarterly!L$7,Monthly!19:19) -> 0 | M15: =SUMIF(Monthly!$6:$6,Quarterly!M$7,Monthly!19:19) -> 0 | ... BM15: =SUMIF(Monthly!$6:$6,Quarterly!BM$7,Monthly!19:19) -> 0
D16: W/L | E16: Win/Loss | F16: =SUMIF(Monthly!$6:$6,Quarterly!F$7,Monthly!20:20) -> 0 | G16: =SUMIF(Monthly!$6:$6,Quarterly!G$7,Monthly!20:20) -> 0 | H16: =SUMIF(Monthly!$6:$6,Quarterly!H$7,Monthly!20:20) -> 0 | I16: =SUMIF(Monthly!$6:$6,Quarterly!I$7,Monthly!20:20) -> 0 | J16: =SUMIF(Monthly!$6:$6,Quarterly!J$7,Monthly!20:20) -> 0 | K16: =SUMIF(Monthly!$6:$6,Quarterly!K$7,Monthly!20:20) -> 0 | L16: =SUMIF(Monthly!$6:$6,Quarterly!L$7,Monthly!20:20) -> 0 | M16: =SUMIF(Monthly!$6:$6,Quarterly!M$7,Monthly!20:20) -> 0 | ... BM16: =SUMIF(Monthly!$6:$6,Quarterly!BM$7,Monthly!20:20) -> 0
B17: Property | C17: =Property!I$1 -> 9 | D17: 홀드율 | E17: Hold Rate | F17: =INDEX(Property!$A$1:$W$259,F$5,$C17) -> 0 | G17: =INDEX(Property!$A$1:$W$259,G$5,$C17) -> 0 | H17: =INDEX(Property!$A$1:$W$259,H$5,$C17) -> 0 | I17: =INDEX(Property!$A$1:$W$259,I$5,$C17) -> 0 | J17: =INDEX(Property!$A$1:$W$259,J$5,$C17) -> 0 | K17: =INDEX(Property!$A$1:$W$259,K$5,$C17) -> 0 | L17: =INDEX(Property!$A$1:$W$259,L$5,$C17) -> 0 | M17: =INDEX(Property!$A$1:$W$259,M$5,$C17) -> 0 | ... BM17: =INDEX(Property!$A$1:$W$259,BM$5,$C17) -> 0
D18: 인당 드롭액 | E18: Drop per Visitor | F18: =F9*10^9/SUM(F30,F31) -> 10399183 | G18: =G9*10^9/SUM(G30,G31) -> 8466099.8 | H18: =H9*10^9/SUM(H30,H31) -> 6415189.6 | I18: =I9*10^9/SUM(I30,I31) -> 7138968.4 | J18: =J9*10^9/SUM(J30,J31) -> 8020384.8 | K18: =K9*10^9/SUM(K30,K31) -> 6349335.6 | L18: =L9*10^9/SUM(L30,L31) -> 6537300.3 | M18: =M9*10^9/SUM(M30,M31) -> 7602300.4 | ... BM18: =BM9*10^9/SUM(BM30,BM31) -> 9581958
D19: y-y(%) | E19: Growth Rate(y-y) | J19: =J18/F18-1 -> -0.22874856 | K19: =K18/G18-1 -> -0.25002827 | L19: =L18/H18-1 -> 0.01903462 | M19: =M18/I18-1 -> 0.064901807 | N19: =N18/J18-1 -> 0.12174045 | O19: =O18/K18-1 -> 0.099519621 | P19: =P18/L18-1 -> -0.044550309 | Q19: =Q18/M18-1 -> 0.094092731 | ... BM19: =BM18/BI18-1 -> -0.47405044
D20: 중국인 VIP | E20: China VIP | F20: =F11*10^9/F33 -> 34500578 | G20: =G11*10^9/G33 -> 33736273 | H20: =H11*10^9/H33 -> 34368693 | I20: =I11*10^9/I33 -> 34849912 | J20: =J11*10^9/J33 -> 35679550 | K20: =K11*10^9/K33 -> 36233744 | L20: =L11*10^9/L33 -> 37228168 | M20: =M11*10^9/M33 -> 34673609 | ... BM20: =BM11*10^9/BM33 -> 30595667
D21: 일본인 VIP | E21: Japan VIP | F21: =F12*10^9/F34 -> 14814116 | G21: =G12*10^9/G34 -> 14764553 | H21: =H12*10^9/H34 -> 14857082 | I21: =I12*10^9/I34 -> 15926596 | J21: =J12*10^9/J34 -> 15440802 | K21: =K12*10^9/K34 -> 13640809 | L21: =L12*10^9/L34 -> 14256942 | M21: =M12*10^9/M34 -> 16258592 | ... BM21: =BM12*10^9/BM34 -> 35796861
D22: 기타 VIP | E22: Others VIP | F22: =F13*10^9/F35 -> 17096124 | G22: =G13*10^9/G35 -> 18126674 | H22: =H13*10^9/H35 -> 22280091 | I22: =I13*10^9/I35 -> 22493482 | J22: =J13*10^9/J35 -> 16917936 | K22: =K13*10^9/K35 -> 13173134 | L22: =L13*10^9/L35 -> 18391711 | M22: =M13*10^9/M35 -> 17271986 | ... BM22: =BM13*10^9/BM35 -> 27357049
D23: 매스 | E23: Mass | F23: =F14*10^9/F30 -> 1591170.5 | G23: =G14*10^9/G30 -> 1193191.6 | H23: =H14*10^9/H30 -> 897759.78 | I23: =I14*10^9/I30 -> 1020196.3 | J23: =J14*10^9/J30 -> 997499.06 | K23: =K14*10^9/K30 -> 744907.97 | L23: =L14*10^9/L30 -> 730763.57 | M23: =M14*10^9/M30 -> 900588.67 | ... BM23: =BM14*10^9/BM30 -> 3020010.8
D24: 매출액 | E24: Sales | F24: =SUMIF(Monthly!$6:$6,Quarterly!F$7,Monthly!22:22) -> 125.687 | G24: =SUMIF(Monthly!$6:$6,Quarterly!G$7,Monthly!22:22) -> 111.167 | H24: =SUMIF(Monthly!$6:$6,Quarterly!H$7,Monthly!22:22) -> 127.172 | I24: =SUMIF(Monthly!$6:$6,Quarterly!I$7,Monthly!22:22) -> 158.078 | J24: =SUMIF(Monthly!$6:$6,Quarterly!J$7,Monthly!22:22) -> 149.124 | K24: =SUMIF(Monthly!$6:$6,Quarterly!K$7,Monthly!22:22) -> 146.781 | L24: =SUMIF(Monthly!$6:$6,Quarterly!L$7,Monthly!22:22) -> 146.333 | M24: =SUMIF(Monthly!$6:$6,Quarterly!M$7,Monthly!22:22) -> 127.301 | ... BM24: =SUMIF(Monthly!$6:$6,Quarterly!BM$7,Monthly!22:22) -> 227.08584
D25: y-y(%) | E25: Growth Rate(y-y) | J25: =J24/F24-1 -> 0.18647115 | K25: =K24/G24-1 -> 0.32036486 | L25: =L24/H24-1 -> 0.15066996 | M25: =M24/I24-1 -> -0.19469502 | N25: =N24/J24-1 -> 0.101625 | O25: =O24/K24-1 -> 0.12323802 | P25: =P24/L24-1 -> 0.035227871 | Q25: =Q24/M24-1 -> 0.29303776 | ... BM25: =BM24/BI24-1 -> 0.11429111
D26: 테이블 | E26: Table Sales | F26: =SUMIF(Monthly!$6:$6,Quarterly!F$7,Monthly!24:24) -> 119.855 | G26: =SUMIF(Monthly!$6:$6,Quarterly!G$7,Monthly!24:24) -> 105.49 | H26: =SUMIF(Monthly!$6:$6,Quarterly!H$7,Monthly!24:24) -> 121.361 | I26: =SUMIF(Monthly!$6:$6,Quarterly!I$7,Monthly!24:24) -> 150.806 | J26: =SUMIF(Monthly!$6:$6,Quarterly!J$7,Monthly!24:24) -> 142.135 | K26: =SUMIF(Monthly!$6:$6,Quarterly!K$7,Monthly!24:24) -> 138.182 | L26: =SUMIF(Monthly!$6:$6,Quarterly!L$7,Monthly!24:24) -> 138.122 | M26: =SUMIF(Monthly!$6:$6,Quarterly!M$7,Monthly!24:24) -> 119.639 | ... BM26: =SUMIF(Monthly!$6:$6,Quarterly!BM$7,Monthly!24:24) -> 212.65501
D27: 머신 | E27: Machine Sales | F27: =SUMIF(Monthly!$6:$6,Quarterly!F$7,Monthly!26:26) -> 5.832 | G27: =SUMIF(Monthly!$6:$6,Quarterly!G$7,Monthly!26:26) -> 5.677 | H27: =SUMIF(Monthly!$6:$6,Quarterly!H$7,Monthly!26:26) -> 5.811 | I27: =SUMIF(Monthly!$6:$6,Quarterly!I$7,Monthly!26:26) -> 7.272 | J27: =SUMIF(Monthly!$6:$6,Quarterly!J$7,Monthly!26:26) -> 6.989 | K27: =SUMIF(Monthly!$6:$6,Quarterly!K$7,Monthly!26:26) -> 8.599 | L27: =SUMIF(Monthly!$6:$6,Quarterly!L$7,Monthly!26:26) -> 8.211 | M27: =SUMIF(Monthly!$6:$6,Quarterly!M$7,Monthly!26:26) -> 7.662 | ... BM27: =SUMIF(Monthly!$6:$6,Quarterly!BM$7,Monthly!26:26) -> 14.430827
B28: Property | C28: =Property!P$1 -> 16 | D28: 홀드율 | E28: Hold Rate | F28: =INDEX(Property!$A$1:$W$259,F$5,$C28) -> 0.12669561 | G28: =INDEX(Property!$A$1:$W$259,G$5,$C28) -> 0.11423988 | H28: =INDEX(Property!$A$1:$W$259,H$5,$C28) -> 0.13708311 | I28: =INDEX(Property!$A$1:$W$259,I$5,$C28) -> 0.15866758 | J28: =INDEX(Property!$A$1:$W$259,J$5,$C28) -> 0 | K28: =INDEX(Property!$A$1:$W$259,K$5,$C28) -> 0.12959162 | L28: =INDEX(Property!$A$1:$W$259,L$5,$C28) -> 0.1292245 | M28: =INDEX(Property!$A$1:$W$259,M$5,$C28) -> 0.12252342 | ... BM28: =INDEX(Property!$A$1:$W$259,BM$5,$C28) -> 0.10217588
D29: 테이블 | E29: Hold Rate(Table) | F29: =F26/F9 -> 0.12569169 | G29: =G26/G9 -> 0.10593677 | H29: =H26/H9 -> 0.11439171 | I29: =I26/I9 -> 0.12959162 | J29: =J26/J9 -> 0.1292245 | K29: =K26/K9 -> 0.12252342 | L29: =L26/L9 -> 0.11604872 | M29: =M26/M9 -> 0.095700675 | ... BM29: =BM26/BM9 -> 0.11732419
D30: 매스 고객수 | E30: No. of MASS | F30: =F175-F31 -> 52567 | G30: =G175-G31 -> 77041 | H30: =H175-H31 -> 124200 | I30: =I175-I31 -> 121009 | J30: =J175-J31 -> 95417 | K30: =K175-K31 -> 132094 | L30: =L175-L31 -> 136435 | M30: =M175-M31 -> 117673 | ... BM30: =BM175-BM31 -> 146477.96
D31: VIP고객수 | E31: No. of VIPs | F31: =SUMIF(Monthly!$6:$6,Quarterly!F$7,Monthly!33:33) -> 39129 | G31: =SUMIF(Monthly!$6:$6,Quarterly!G$7,Monthly!33:33) -> 40579 | H31: =SUMIF(Monthly!$6:$6,Quarterly!H$7,Monthly!33:33) -> 41177 | I31: =SUMIF(Monthly!$6:$6,Quarterly!I$7,Monthly!33:33) -> 41998 | J31: =SUMIF(Monthly!$6:$6,Quarterly!J$7,Monthly!33:33) -> 41722 | K31: =SUMIF(Monthly!$6:$6,Quarterly!K$7,Monthly!33:33) -> 45531 | L31: =SUMIF(Monthly!$6:$6,Quarterly!L$7,Monthly!33:33) -> 45629 | M31: =SUMIF(Monthly!$6:$6,Quarterly!M$7,Monthly!33:33) -> 46769 | ... BM31: =SUMIF(Monthly!$6:$6,Quarterly!BM$7,Monthly!33:33) -> 42684
D32: y-y(%) | E32: Growth Rate(y-y)
D33: 중국인 VIP | E33: China VIP | F33: =SUMIF(Monthly!$6:$6,Quarterly!F$7,Monthly!37:37) -> 13906 | G33: =SUMIF(Monthly!$6:$6,Quarterly!G$7,Monthly!37:37) -> 14861 | H33: =SUMIF(Monthly!$6:$6,Quarterly!H$7,Monthly!37:37) -> 14789 | I33: =SUMIF(Monthly!$6:$6,Quarterly!I$7,Monthly!37:37) -> 17234 | J33: =SUMIF(Monthly!$6:$6,Quarterly!J$7,Monthly!37:37) -> 17345 | K33: =SUMIF(Monthly!$6:$6,Quarterly!K$7,Monthly!37:37) -> 18239 | L33: =SUMIF(Monthly!$6:$6,Quarterly!L$7,Monthly!37:37) -> 17792 | M33: =SUMIF(Monthly!$6:$6,Quarterly!M$7,Monthly!37:37) -> 20441 | ... BM33: =SUMIF(Monthly!$6:$6,Quarterly!BM$7,Monthly!37:37) -> 9865
D34: 일본인 VIP | E34: Japan VIP | F34: =SUMIF(Monthly!$6:$6,Quarterly!F$7,Monthly!43:43) -> 17993 | G34: =SUMIF(Monthly!$6:$6,Quarterly!G$7,Monthly!43:43) -> 18940 | H34: =SUMIF(Monthly!$6:$6,Quarterly!H$7,Monthly!43:43) -> 19774 | I34: =SUMIF(Monthly!$6:$6,Quarterly!I$7,Monthly!43:43) -> 17875 | J34: =SUMIF(Monthly!$6:$6,Quarterly!J$7,Monthly!43:43) -> 17968 | K34: =SUMIF(Monthly!$6:$6,Quarterly!K$7,Monthly!43:43) -> 19275 | L34: =SUMIF(Monthly!$6:$6,Quarterly!L$7,Monthly!43:43) -> 20274 | M34: =SUMIF(Monthly!$6:$6,Quarterly!M$7,Monthly!43:43) -> 19082 | ... BM34: =SUMIF(Monthly!$6:$6,Quarterly!BM$7,Monthly!43:43) -> 20204
D35: 기타 VIP | E35: Others VIP | F35: =SUMIF(Monthly!$6:$6,Quarterly!F$7,Monthly!47:47) -> 7230 | G35: =SUMIF(Monthly!$6:$6,Quarterly!G$7,Monthly!47:47) -> 6778 | H35: =SUMIF(Monthly!$6:$6,Quarterly!H$7,Monthly!47:47) -> 6614 | I35: =SUMIF(Monthly!$6:$6,Quarterly!I$7,Monthly!47:47) -> 6889 | J35: =SUMIF(Monthly!$6:$6,Quarterly!J$7,Monthly!47:47) -> 6409 | K35: =SUMIF(Monthly!$6:$6,Quarterly!K$7,Monthly!47:47) -> 8017 | L35: =SUMIF(Monthly!$6:$6,Quarterly!L$7,Monthly!47:47) -> 7563 | M35: =SUMIF(Monthly!$6:$6,Quarterly!M$7,Monthly!47:47) -> 7246 | ... BM35: =SUMIF(Monthly!$6:$6,Quarterly!BM$7,Monthly!47:47) -> 12615
D36: Actual Cons.
D37: 드롭액 | E37: Drop | F37: =F62 -> 580.678 | G37: =G62 -> 560.07 | H37: =H62 -> 605.297 | I37: =I62 -> 679.967 | J37: =J62 -> 641.007 | K37: =K62 -> 671.564 | L37: =L62+L146 -> 788.6088 | M37: =M62+M146 -> 819.781 | N37: =N62+N146 -> 854.784 | O37: =O62+O146 -> 853.0438 | P37: =P62+P146+P90 -> 1147.959 | Q37: =Q62+Q146+Q90 -> 1334.377 | R37: =R62+R146+R90 -> 1431.258 | S37: =S62+S146+S90 -> 1314.8076 | T37: =T62+T146+T90 -> 1248.7565 | U37: =U62+U146+U90 -> 1299.287 | V37: =V62+V146+V90 -> 1107.3826 | W37: =W62+W146+W90 -> 1036.4659 | X37: =X62+X146+X90+X118 -> 1040.4344 | Y37: =Y62+Y146+Y90+Y118 -> 1158.3598 | Z37: =Z62+Z146+Z90+Z118 -> 1232.5406 | AA37: =AA62+AA146+AA90+AA118 -> 1199.1128 | AB37: =AB62+AB146+AB90+AB118 -> 1171.5756 | AC37: =AC62+AC146+AC90+AC118 -> 1228.8496 | AD37: =AD62+AD146+AD90+AD118 -> 1198.9705 | AE37: =AE62+AE146+AE90+AE118 -> 1123.2204 | ... BM37: =BM62+BM146+BM90+BM118 -> 1812.542
D38: y-y(%) | E38: Growth Rate(y-y) | J38: =J37/F37-1 -> 0.10389407 | K38: =K37/G37-1 -> 0.19907154 | L38: =L37/H37-1 -> 0.30284604 | M38: =M37/I37-1 -> 0.2056188 | N38: =N37/J37-1 -> 0.33350182 | O38: =O37/K37-1 -> 0.27023456 | P38: =P37/L37-1 -> 0.45567612 | Q38: =Q37/M37-1 -> 0.62772375 | ... BM38: =BM37/BI37-1 -> 0.090609006
D39: 중국인 VIP | E39: China VIP | F39: =F64 -> 260.756 | G39: =G64 -> 239.449 | H39: =H64 -> 214.619 | I39: =I64 -> 267.497 | J39: =J64 -> 309.974 | K39: =K64 -> 372.789 | L39: =L64+L148 -> 415.0054 | M39: =M64+M148 -> 428.638 | N39: =N64+N148 -> 477.35 | O39: =O64+O148 -> 457.4511 | P39: =P64+P148+P92 -> 677.975 | Q39: =Q64+Q148+Q92 -> 774.573 | R39: =R64+R148+R92 -> 911.227 | S39: =S64+S148+S92 -> 836.77126 | T39: =T64+T148+T92 -> 784.04184 | U39: =U64+U148+U92 -> 846.04574 | V39: =V64+V148+V92 -> 666.31002 | W39: =W64+W148+W92 -> 593.2975 | X39: =X64+X148+X92+X120 -> 502.31937 | Y39: =Y64+Y148+Y92+Y120 -> 612.96093 | Z39: =Z64+Z148+Z92+Z120 -> 652.34167 | AA39: =AA64+AA148+AA92+AA120 -> 606.92243 | AB39: =AB64+AB148+AB92+AB120 -> 517.85769 | AC39: =AC64+AC148+AC92+AC120 -> 563.63101 | AD39: =AD64+AD148+AD92+AD120 -> 535.1297 | AE39: =AE64+AE148+AE92+AE120 -> 390.9753 | ... BM39: =BM64+BM148+BM92+BM120 -> 301.82626
D40: 일본인 VIP | E40: Japan VIP | F40: =F65 -> 169.612 | G40: =G65 -> 164.047 | H40: =H65 -> 195.212 | I40: =I65 -> 199.46 | J40: =J65 -> 182.864 | K40: =K65 -> 152.962 | L40: =L65+L149 -> 194.3542 | M40: =M65+M149 -> 215.4 | N40: =N65+N149 -> 190.032 | O40: =O65+O149 -> 167.4488 | P40: =P65+P149+P93 -> 233.057 | Q40: =Q65+Q149+Q93 -> 252.808 | R40: =R65+R149+R93 -> 263.451 | S40: =S65+S149+S93 -> 200.3046 | T40: =T65+T149+T93 -> 226.8575 | U40: =U65+U149+U93 -> 213.81483 | V40: =V65+V149+V93 -> 200.55222 | W40: =W65+W149+W93 -> 175.90297 | X40: =X65+X149+X93+X121 -> 263.31484 | Y40: =Y65+Y149+Y93+Y121 -> 271.27046 | Z40: =Z65+Z149+Z93+Z121 -> 296.36207 | AA40: =AA65+AA149+AA93+AA121 -> 287.40771 | AB40: =AB65+AB149+AB93+AB121 -> 331.76315 | AC40: =AC65+AC149+AC93+AC121 -> 307.33733 | AD40: =AD65+AD149+AD93+AD121 -> 320.47641 | AE40: =AE65+AE149+AE93+AE121 -> 362.13609 | ... BM40: =BM65+BM149+BM93+BM121 -> 723.23978
D41: 기타 VIP | E41: Others VIP | F41: =F66 -> 86.541 | G41: =G66 -> 87.384 | H41: =H66 -> 109.114 | I41: =I66 -> 117.17 | J41: =J66 -> 76.311 | K41: =K66 -> 75.136 | L41: =L66+L150 -> 101.6148 | M41: =M66+M150 -> 89.95 | N41: =N66+N150 -> 106.06 | O41: =O66+O150 -> 142.1272 | P41: =P66+P150+P94 -> 132.27 | Q41: =Q66+Q150+Q94 -> 193.182 | R41: =R66+R150+R94 -> 139.451 | S41: =S66+S150+S94 -> 134.6197 | T41: =T66+T150+T94 -> 103.50702 | U41: =U66+U150+U94 -> 102.26837 | V41: =V66+V150+V94 -> 112.46058 | W41: =W66+W150+W94 -> 139.39568 | X41: =X66+X150+X94+X122 -> 148.47886 | Y41: =Y66+Y150+Y94+Y122 -> 144.56671 | Z41: =Z66+Z150+Z94+Z122 -> 163.20927 | AA41: =AA66+AA150+AA94+AA122 -> 162.33495 | AB41: =AB66+AB150+AB94+AB122 -> 163.52016 | AC41: =AC66+AC150+AC94+AC122 -> 182.13847 | AD41: =AD66+AD150+AD94+AD122 -> 163.20993 | AE41: =AE66+AE150+AE94+AE122 -> 190.43926 | ... BM41: =BM66+BM150+BM94+BM122 -> 345.10917
D42: 매스 | E42: Mass | F42: =F67 -> 63.769 | G42: =G67 -> 69.19 | H42: =H67 -> 86.352 | I42: =I67 -> 95.84 | J42: =J67 -> 71.858 | K42: =K67 -> 70.677 | L42: =L67+L151 -> 77.6344 | M42: =M67+M151 -> 85.793 | N42: =N67+N151 -> 81.342 | O42: =O67+O151 -> 86.0167 | P42: =P67+P151+P95 -> 104.657 | Q42: =Q67+Q151+Q95 -> 113.814 | R42: =R67+R151+R95 -> 117.129 | S42: =S67+S151+S95 -> 143.112 | T42: =T67+T151+T95 -> 134.3501 | U42: =U67+U151+U95 -> 137.15809 | V42: =V67+V151+V95 -> 128.0598 | W42: =W67+W151+W95 -> 127.8698 | X42: =X67+X151+X95+X123 -> 126.32134 | Y42: =Y67+Y151+Y95+Y123 -> 129.56167 | Z42: =Z67+Z151+Z95+Z123 -> 120.62763 | AA42: =AA67+AA151+AA95+AA123 -> 142.44768 | AB42: =AB67+AB151+AB95+AB123 -> 158.4346 | AC42: =AC67+AC151+AC95+AC123 -> 175.74278 | AD42: =AD67+AD151+AD95+AD123 -> 180.15442 | AE42: =AE67+AE151+AE95+AE123 -> 179.66972 | ... BM42: =BM67+BM151+BM95+BM123 -> 442.36503
D43: 인당 드롭액 | E43: Drop per Visitor | F43: =F37*10^9/SUM(F55,F56) -> 6332642.6 | G43: =G37*10^9/SUM(G55,G56) -> 4761690.2 | H43: =H37*10^9/SUM(H55,H56) -> 3660103.9 | I43: =I37*10^9/SUM(I55,I56) -> 4171397.5 | J43: =J37*10^9/SUM(J55,J56) -> 4674140.8 | K43: =K37*10^9/SUM(K55,K56) -> 3780796.6 | L43: =L37*10^9/SUM(L55,L56) -> 4331492.2 | M43: =M37*10^9/SUM(M55,M56) -> 4985228.8 | ... BM43: =BM37*10^9/SUM(BM55,BM56) -> 9581958
D44: y-y(%) | E44: Growth Rate(y-y) | J44: =J43/F43-1 -> -0.26189727 | K44: =K43/G43-1 -> -0.20599693 | L44: =L43/H43-1 -> 0.18343423 | M44: =M43/I43-1 -> 0.19509799 | N44: =N43/J43-1 -> 0.27514629 | O44: =O43/K43-1 -> 0.2074376 | P44: =P43/L43-1 -> 0.21879153 | Q44: =Q43/M43-1 -> 0.44246208 | ... BM44: =BM43/BI43-1 -> -0.47405044
D45: 중국인 VIP | E45: China VIP | F45: =F39*10^9/F58 -> 36939510 | G45: =G39*10^9/G58 -> 33710967 | H45: =H39*10^9/H58 -> 33508041 | I45: =I39*10^9/I58 -> 32451413 | J45: =J39*10^9/J58 -> 38853597 | K45: =K39*10^9/K58 -> 39269883 | L45: =L39*10^9/L58 -> 38745719 | M45: =M39*10^9/M58 -> 35601163 | ... BM45: =BM39*10^9/BM58 -> 30595667
D46: 일본인 VIP | E46: Japan VIP | F46: =F40*10^9/F59 -> 13201432 | G46: =G40*10^9/G59 -> 12465578 | H46: =H40*10^9/H59 -> 13877301 | I46: =I40*10^9/I59 -> 15720366 | J46: =J40*10^9/J59 -> 14404411 | K46: =K40*10^9/K59 -> 11411668 | L46: =L40*10^9/L59 -> 13213284 | M46: =M40*10^9/M59 -> 15327688 | ... BM46: =BM40*10^9/BM59 -> 35796861
D47: 기타 VIP | E47: Others VIP | F47: =F41*10^9/F60 -> 15503583 | G47: =G41*10^9/G60 -> 16869498 | H47: =H41*10^9/H60 -> 21914842 | I47: =I41*10^9/I60 -> 23115013 | J47: =J41*10^9/J60 -> 16764279 | K47: =K41*10^9/K60 -> 12522667 | L47: =L41*10^9/L60 -> 17736917 | M47: =M41*10^9/M60 -> 16675936 | ... BM47: =BM41*10^9/BM60 -> 27357049
D48: 매스 | E48: Mass | F48: =F42*10^9/F55 -> 963176.1 | G48: =G42*10^9/G55 -> 898093.22 | H48: =H42*10^9/H55 -> 695265.7 | I48: =I42*10^9/I55 -> 792007.21 | J48: =J42*10^9/J55 -> 753094.31 | K48: =K42*10^9/K55 -> 535050.8 | L48: =L42*10^9/L55 -> 569021.15 | M48: =M42*10^9/M55 -> 729079.74 | ... BM48: =BM42*10^9/BM55 -> 3020010.8
D49: 매출액 | E49: Sales | F49: =F77 -> 88.202 | G49: =G77 -> 77.814 | H49: =H77 -> 76.856 | I49: =I77 -> 104.954 | J49: =J77 -> 97.518 | K49: =K77 -> 97.8 | L49: =L77+L161 -> 106.807 | M49: =M77+M161 -> 90.979 | N49: =N77+N161 -> 120.692 | O49: =O77+O161 -> 127.555 | P49: =P77+P161+P105 -> 130.489 | Q49: =Q77+Q161+Q105 -> 146.952 | R49: =R77+R161+R105 -> 150.779 | S49: =S77+S161+S105 -> 148.578 | T49: =T77+T161+T105 -> 139.749 | U49: =U77+U161+U105 -> 148.758 | V49: =V77+V161+V105 -> 131.415 | W49: =W77+W161+W105 -> 122.554 | X49: =X77+X161+X105+X133 -> 117.505 | Y49: =Y77+Y161+Y105+Y133 -> 157.087 | Z49: =Z77+Z161+Z105+Z133 -> 137.968 | AA49: =AA77+AA161+AA105+AA133 -> 166.743 | AB49: =AB77+AB161+AB105+AB133 -> 147.883 | AC49: =AC77+AC161+AC105+AC133 -> 151.16 | AD49: =AD77+AD161+AD105+AD133 -> 124.629 | AE49: =AE77+AE161+AE105+AE133 -> 114.889 | ... BM49: =BM77+BM161+BM105+BM133 -> 227.08584
D50: y-y(%) | E50: Growth Rate(y-y) | J50: =J49/F49-1 -> 0.10562119 | K50: =K49/G49-1 -> 0.25684324 | L50: =L49/H49-1 -> 0.38970282 | M50: =M49/I49-1 -> -0.13315357 | N50: =N49/J49-1 -> 0.23763818 | O50: =O49/K49-1 -> 0.30424335 | P50: =P49/L49-1 -> 0.22172704 | Q50: =Q49/M49-1 -> 0.61522989 | ... BM50: =BM49/BI49-1 -> 0.11429111
D51: 테이블 | E51: Table Sales | F51: =F79 -> 83.128 | G51: =G79 -> 73.074 | H51: =H79 -> 72.324 | I51: =I79 -> 99.069 | J51: =J79 -> 92.359 | K51: =K79 -> 91.288 | L51: =L79+L163 -> 100.957 | M51: =M79+M163 -> 85.024 | N51: =N79+N163 -> 114.483 | O51: =O79+O163 -> 120.51 | P51: =P79+P163+P107 -> 123.27 | Q51: =Q79+Q163+Q107 -> 138.632 | R51: =R79+R163+R107 -> 142.977 | S51: =S79+S163+S107 -> 140.171 | T51: =T79+T163+T107 -> 131.876 | U51: =U79+U163+U107 -> 140.266 | V51: =V79+V163+V107 -> 122.658 | W51: =W79+W163+W107 -> 114.36 | X51: =X79+X163+X107+X135 -> 107.91 | Y51: =Y79+Y163+Y107+Y135 -> 147.049 | Z51: =Z79+Z163+Z107+Z135 -> 129.663 | AA51: =AA79+AA163+AA107+AA135 -> 157.173 | AB51: =AB79+AB163+AB107+AB135 -> 138.976 | AC51: =AC79+AC163+AC107+AC135 -> 142.001 | AD51: =AD79+AD163+AD107+AD135 -> 116.111 | AE51: =AE79+AE163+AE107+AE135 -> 106.502 | ... BM51: =BM79+BM163+BM107+BM135 -> 212.65501
D52: 머신 | E52: Machine Sales | F52: =F80 -> 5.074 | G52: =G80 -> 4.74 | H52: =H80 -> 4.532 | I52: =I80 -> 5.885 | J52: =J80 -> 5.159 | K52: =K80 -> 6.512 | L52: =L80+L164 -> 5.85 | M52: =M80+M164 -> 5.955 | N52: =N80+N164 -> 6.209 | O52: =O80+O164 -> 7.045 | P52: =P80+P164+P108 -> 7.219 | Q52: =Q80+Q164+Q108 -> 8.32 | R52: =R80+R164+R108 -> 7.802 | S52: =S80+S164+S108 -> 8.407 | T52: =T80+T164+T108 -> 7.873 | U52: =U80+U164+U108 -> 8.492 | V52: =V80+V164+V108 -> 8.757 | W52: =W80+W164+W108 -> 8.194 | X52: =X80+X164+X108+X136 -> 9.595 | Y52: =Y80+Y164+Y108+Y136 -> 10.038 | Z52: =Z80+Z164+Z108+Z136 -> 8.305 | AA52: =AA80+AA164+AA108+AA136 -> 9.57 | AB52: =AB80+AB164+AB108+AB136 -> 8.907 | AC52: =AC80+AC164+AC108+AC136 -> 9.159 | AD52: =AD80+AD164+AD108+AD136 -> 8.518 | AE52: =AE80+AE164+AE108+AE136 -> 8.387 | ... BM52: =BM80+BM164+BM108+BM136 -> 14.430827
D53: 홀드율 | E53: Hold Rate | F53: =F54 -> 0.14315679 | G53: =G54 -> 0.13047298 | H53: =H54 -> 0.11948515 | I53: =I54 -> 0.14569678 | J53: =J54 -> 0.14408423 | K53: =K54 -> 0.13593343 | L53: =L54 -> 0.12801911 | M53: =M54 -> 0.1037155 | ... BM53: =BM54 -> 0.11732419
D54: 테이블 | E54: Hold Rate(Table) | F54: =F51/F37 -> 0.14315679 | G54: =G51/G37 -> 0.13047298 | H54: =H51/H37 -> 0.11948515 | I54: =I51/I37 -> 0.14569678 | J54: =J51/J37 -> 0.14408423 | K54: =K51/K37 -> 0.13593343 | L54: =L51/L37 -> 0.12801911 | M54: =M51/M37 -> 0.1037155 | ... BM54: =BM51/BM37 -> 0.11732419
D55: 매스 고객수 | E55: No. of MASS | F55: =F175-F56 -> 66207 | G55: =G175-G56 -> 77041 | H55: =H175-H56 -> 124200 | I55: =I175-I56 -> 121009 | J55: =J175-J56 -> 95417 | K55: =K175-K56 -> 132094 | L55: =L175-L56 -> 136435 | M55: =M175-M56 -> 117673 | ... BM55: =BM175-BM56 -> 146477.96
D56: VIP고객수 | E56: No. of VIPs | F56: =F84 -> 25489 | G56: =G84+G168+G112+G140 -> 40579 | H56: =H84+H168+H112+H140 -> 41177 | I56: =I84+I168+I112+I140 -> 41998 | J56: =J84+J168+J112+J140 -> 41722 | K56: =K84+K168+K112+K140 -> 45531 | L56: =L84+L168+L112+L140 -> 45629 | M56: =M84+M168+M112+M140 -> 46769 | N56: =N84+N168+N112+N140 -> 46332 | ... BM56: =BM84+BM168+BM112+BM140 -> 42684
D57: y-y(%) | E57: Growth Rate(y-y) | P57: =P85+P169+P113 -> 0.46582764 | Q57: =Q85+Q169+Q113 -> 0.47400495 | R57: =R85+R169+R113 -> 0.27800115 | S57: =S85+S169+S113 -> 0.35536647 | T57: =T85+T169+T113 -> 0.19038517 | U57: =U85+U169+U113 -> 0.04159923 | V57: =V85+V169+V113 -> -0.09973795 | W57: =W85+W169+W113 -> -0.27979476 | X57: =X85+X169+X113+X141 -> -0.78991805 | Y57: =Y85+Y169+Y113+Y141 -> -0.42223009 | Z57: =Z85+Z169+Z113+Z141 -> -0.25930659 | AA57: =AA85+AA169+AA113+AA141 -> 0.29561785 | AB57: =AB85+AB169+AB113+AB141 -> 0.19002622 | AC57: =AC85+AC169+AC113+AC141 -> -0.17971686 | AD57: =AD85+AD169+AD113+AD141 -> -0.17015821 | AE57: =AE85+AE169+AE113+AE141 -> -0.86072982 | ... BM57: =BM85+BM169+BM113+BM141 -> -0.31616029
D58: 중국인 VIP | E58: China VIP | F58: =F86 -> 7059 | G58: =G86 -> 7103 | H58: =H86 -> 6405 | I58: =I86 -> 8243 | J58: =J86 -> 7978 | K58: =K86 -> 9493 | L58: =L86+L170 -> 10711 | M58: =M86+M170 -> 12040 | N58: =N86+N170 -> 12632 | O58: =O86+O170 -> 11484 | P58: =P86+P170+P114 -> 16601 | Q58: =Q86+Q170+Q114 -> 20140 | R58: =R86+R170+R114 -> 20542 | S58: =S86+S170+S114 -> 19130 | T58: =T86+T170+T114 -> 19138 | U58: =U86+U170+U114 -> 19521 | V58: =V86+V170+V114 -> 17342 | W58: =W86+W170+W114 -> 13169 | X58: =X86+X170+X114+X142 -> 12355 | Y58: =Y86+Y170+Y114+Y142 -> 14881 | Z58: =Z86+Z170+Z114+Z142 -> 14146 | AA58: =AA86+AA170+AA114+AA142 -> 14670 | AB58: =AB86+AB170+AB114+AB142 -> 12578 | AC58: =AC86+AC170+AC114+AC142 -> 13297 | AD58: =AD86+AD170+AD114+AD142 -> 11555 | AE58: =AE86+AE170+AE114+AE142 -> 8210 | ... BM58: =BM86+BM170+BM114+BM142 -> 9865
D59: 일본인 VIP | E59: Japan VIP | F59: =F87 -> 12848 | G59: =G87 -> 13160 | H59: =H87 -> 14067 | I59: =I87 -> 12688 | J59: =J87 -> 12695 | K59: =K87 -> 13404 | L59: =L87+L171 -> 14709 | M59: =M87+M171 -> 14053 | N59: =N87+N171 -> 13684 | O59: =O87+O171 -> 13480 | P59: =P87+P171+P115 -> 16864 | Q59: =Q87+Q171+Q115 -> 16266 | R59: =R87+R171+R115 -> 14840 | S59: =S87+S171+S115 -> 13463 | T59: =T87+T171+T115 -> 14290 | U59: =U87+U171+U115 -> 13885 | V59: =V87+V171+V115 -> 12046 | W59: =W87+W171+W115 -> 10944 | X59: =X87+X171+X115+X143 -> 13474 | Y59: =Y87+Y171+Y115+Y143 -> 15108 | Z59: =Z87+Z171+Z115+Z143 -> 14456 | AA59: =AA87+AA171+AA115+AA143 -> 15094 | AB59: =AB87+AB171+AB115+AB143 -> 16055 | AC59: =AC87+AC171+AC115+AC143 -> 17073 | AD59: =AD87+AD171+AD115+AD143 -> 15047 | AE59: =AE87+AE171+AE115+AE143 -> 14467 | ... BM59: =BM87+BM171+BM115+BM143 -> 20204
D60: 기타 VIP | E60: Others VIP | F60: =F88 -> 5582 | G60: =G88 -> 5180 | H60: =H88 -> 4979 | I60: =I88 -> 5069 | J60: =J88 -> 4552 | K60: =K88 -> 6000 | L60: =L88+L172 -> 5729 | M60: =M88+M172 -> 5394 | N60: =N88+N172 -> 5678 | O60: =O88+O172 -> 5946 | P60: =P88+P172+P116 -> 6730 | Q60: =Q88+Q172+Q116 -> 7261 | R60: =R88+R172+R116 -> 7827 | S60: =S88+S172+S116 -> 8065 | T60: =T88+T172+T116 -> 7252 | U60: =U88+U172+U116 -> 7498 | V60: =V88+V172+V116 -> 8368 | W60: =W88+W172+W116 -> 8920 | X60: =X88+X172+X116+X144 -> 10512 | Y60: =Y88+Y172+Y116+Y144 -> 10806 | Z60: =Z88+Z172+Z116+Z144 -> 11297 | AA60: =AA88+AA172+AA116+AA144 -> 11659 | AB60: =AB88+AB172+AB116+AB144 -> 11684 | AC60: =AC88+AC172+AC116+AC144 -> 11709 | AD60: =AD88+AD172+AD116+AD144 -> 11001 | AE60: =AE88+AE172+AE116+AE144 -> 13006 | ... BM60: =BM88+BM172+BM116+BM144 -> 12615
D61: Walkerhill
C62: =Property!J1 -> 10 | D62: 드롭액 | E62: Drop | F62: =SUMIF(Monthly!$6:$6,Quarterly!F$7,Monthly!69:69) -> 580.678 | G62: =SUMIF(Monthly!$6:$6,Quarterly!G$7,Monthly!69:69) -> 560.07 | H62: =SUMIF(Monthly!$6:$6,Quarterly!H$7,Monthly!69:69) -> 605.297 | I62: =SUMIF(Monthly!$6:$6,Quarterly!I$7,Monthly!69:69) -> 679.967 | J62: =SUMIF(Monthly!$6:$6,Quarterly!J$7,Monthly!69:69) -> 641.007 | K62: =SUMIF(Monthly!$6:$6,Quarterly!K$7,Monthly!69:69) -> 671.564 | L62: =SUMIF(Monthly!$6:$6,Quarterly!L$7,Monthly!69:69) -> 674.434 | M62: =SUMIF(Monthly!$6:$6,Quarterly!M$7,Monthly!69:69) -> 699.796 | ... BM62: =SUMIF(Monthly!$6:$6,Quarterly!BM$7,Monthly!69:69) -> 672.526
D63: y-y(%) | E63: Growth Rate(y-y) | J63: =J62/F62-1 -> 0.10389407 | K63: =K62/G62-1 -> 0.19907154 | L63: =L62/H62-1 -> 0.11421996 | M63: =M62/I62-1 -> 0.029161709 | N63: =N62/J62-1 -> 0.089428041 | O63: =O62/K62-1 -> 0.029155821 | P63: =P62/L62-1 -> 0.036642577 | Q63: =Q62/M62-1 -> 0.24837095 | ... BM63: =BM62/BI62-1 -> 0.093961566
C64: =Walkerhill!F$1 -> 6 | D64: 중국인 VIP | E64: China VIP | F64: =SUMIF(Monthly!$6:$6,Quarterly!F$7,Monthly!71:71) -> 260.756 | G64: =SUMIF(Monthly!$6:$6,Quarterly!G$7,Monthly!71:71) -> 239.449 | H64: =SUMIF(Monthly!$6:$6,Quarterly!H$7,Monthly!71:71) -> 214.619 | I64: =SUMIF(Monthly!$6:$6,Quarterly!I$7,Monthly!71:71) -> 267.497 | J64: =SUMIF(Monthly!$6:$6,Quarterly!J$7,Monthly!71:71) -> 309.974 | K64: =SUMIF(Monthly!$6:$6,Quarterly!K$7,Monthly!71:71) -> 372.789 | L64: =SUMIF(Monthly!$6:$6,Quarterly!L$7,Monthly!71:71) -> 322.498 | M64: =SUMIF(Monthly!$6:$6,Quarterly!M$7,Monthly!71:71) -> 330.038 | ... BM64: =SUMIF(Monthly!$6:$6,Quarterly!BM$7,Monthly!71:71) -> 142.68477
C65: =C64+1 -> 7 | D65: 일본인 VIP | E65: Japan VIP | F65: =SUMIF(Monthly!$6:$6,Quarterly!F$7,Monthly!72:72) -> 169.612 | G65: =SUMIF(Monthly!$6:$6,Quarterly!G$7,Monthly!72:72) -> 164.047 | H65: =SUMIF(Monthly!$6:$6,Quarterly!H$7,Monthly!72:72) -> 195.212 | I65: =SUMIF(Monthly!$6:$6,Quarterly!I$7,Monthly!72:72) -> 199.46 | J65: =SUMIF(Monthly!$6:$6,Quarterly!J$7,Monthly!72:72) -> 182.864 | K65: =SUMIF(Monthly!$6:$6,Quarterly!K$7,Monthly!72:72) -> 152.962 | L65: =SUMIF(Monthly!$6:$6,Quarterly!L$7,Monthly!72:72) -> 181.497 | M65: =SUMIF(Monthly!$6:$6,Quarterly!M$7,Monthly!72:72) -> 202.82 | ... BM65: =SUMIF(Monthly!$6:$6,Quarterly!BM$7,Monthly!72:72) -> 212.75349
C66: =C65+1 -> 8 | D66: 기타 VIP | E66: Others VIP | F66: =SUMIF(Monthly!$6:$6,Quarterly!F$7,Monthly!73:73) -> 86.541 | G66: =SUMIF(Monthly!$6:$6,Quarterly!G$7,Monthly!73:73) -> 87.384 | H66: =SUMIF(Monthly!$6:$6,Quarterly!H$7,Monthly!73:73) -> 109.114 | I66: =SUMIF(Monthly!$6:$6,Quarterly!I$7,Monthly!73:73) -> 117.17 | J66: =SUMIF(Monthly!$6:$6,Quarterly!J$7,Monthly!73:73) -> 76.311 | K66: =SUMIF(Monthly!$6:$6,Quarterly!K$7,Monthly!73:73) -> 75.136 | L66: =SUMIF(Monthly!$6:$6,Quarterly!L$7,Monthly!73:73) -> 99.511 | M66: =SUMIF(Monthly!$6:$6,Quarterly!M$7,Monthly!73:73) -> 88.677 | ... BM66: =SUMIF(Monthly!$6:$6,Quarterly!BM$7,Monthly!73:73) -> 168.33271
C67: =C66+1 -> 9 | D67: 매스 | E67: Mass | F67: =SUMIF(Monthly!$6:$6,Quarterly!F$7,Monthly!74:74) -> 63.769 | G67: =SUMIF(Monthly!$6:$6,Quarterly!G$7,Monthly!74:74) -> 69.19 | H67: =SUMIF(Monthly!$6:$6,Quarterly!H$7,Monthly!74:74) -> 86.352 | I67: =SUMIF(Monthly!$6:$6,Quarterly!I$7,Monthly!74:74) -> 95.84 | J67: =SUMIF(Monthly!$6:$6,Quarterly!J$7,Monthly!74:74) -> 71.858 | K67: =SUMIF(Monthly!$6:$6,Quarterly!K$7,Monthly!74:74) -> 70.677 | L67: =SUMIF(Monthly!$6:$6,Quarterly!L$7,Monthly!74:74) -> 70.928 | M67: =SUMIF(Monthly!$6:$6,Quarterly!M$7,Monthly!74:74) -> 78.261 | ... BM67: =SUMIF(Monthly!$6:$6,Quarterly!BM$7,Monthly!74:74) -> 148.75306
C68: =Walkerhill!C$1 -> 3 | D68: 정킷 | E68: Rolling Chip Rate | F68: =SUMIF(Monthly!$6:$6,Quarterly!F$7,Monthly!75:75) -> 0 | G68: =SUMIF(Monthly!$6:$6,Quarterly!G$7,Monthly!75:75) -> 0 | H68: =SUMIF(Monthly!$6:$6,Quarterly!H$7,Monthly!75:75) -> 0 | I68: =SUMIF(Monthly!$6:$6,Quarterly!I$7,Monthly!75:75) -> 0 | J68: =SUMIF(Monthly!$6:$6,Quarterly!J$7,Monthly!75:75) -> 0 | K68: =SUMIF(Monthly!$6:$6,Quarterly!K$7,Monthly!75:75) -> 0 | L68: =SUMIF(Monthly!$6:$6,Quarterly!L$7,Monthly!75:75) -> 0 | M68: =SUMIF(Monthly!$6:$6,Quarterly!M$7,Monthly!75:75) -> 0 | ... BM68: =SUMIF(Monthly!$6:$6,Quarterly!BM$7,Monthly!75:75) -> 0
C69: =Walkerhill!D$1 -> 4 | D69: W/L | E69: Win/Loss | F69: =SUMIF(Monthly!$6:$6,Quarterly!F$7,Monthly!76:76) -> 0 | G69: =SUMIF(Monthly!$6:$6,Quarterly!G$7,Monthly!76:76) -> 0 | H69: =SUMIF(Monthly!$6:$6,Quarterly!H$7,Monthly!76:76) -> 0 | I69: =SUMIF(Monthly!$6:$6,Quarterly!I$7,Monthly!76:76) -> 0 | J69: =SUMIF(Monthly!$6:$6,Quarterly!J$7,Monthly!76:76) -> 0 | K69: =SUMIF(Monthly!$6:$6,Quarterly!K$7,Monthly!76:76) -> 0 | L69: =SUMIF(Monthly!$6:$6,Quarterly!L$7,Monthly!76:76) -> 0 | M69: =SUMIF(Monthly!$6:$6,Quarterly!M$7,Monthly!76:76) -> 0 | ... BM69: =SUMIF(Monthly!$6:$6,Quarterly!BM$7,Monthly!76:76) -> 0
C70: =Walkerhill!E$1 -> 5 | D70: 홀드율 | E70: Hold Rate | F70: =INDEX(Walkerhill!$A$1:$BG$262,F$5,$C70) -> 0 | G70: =INDEX(Walkerhill!$A$1:$BG$262,G$5,$C70) -> 0 | H70: =INDEX(Walkerhill!$A$1:$BG$262,H$5,$C70) -> 0 | I70: =INDEX(Walkerhill!$A$1:$BG$262,I$5,$C70) -> 0 | J70: =INDEX(Walkerhill!$A$1:$BG$262,J$5,$C70) -> 0 | K70: =INDEX(Walkerhill!$A$1:$BG$262,K$5,$C70) -> 0 | L70: =INDEX(Walkerhill!$A$1:$BG$262,L$5,$C70) -> 0 | M70: =INDEX(Walkerhill!$A$1:$BG$262,M$5,$C70) -> 0 | ... BM70: =INDEX(Walkerhill!$A$1:$BG$262,BM$5,$C70) -> 0
D71: 인당 드롭액 | E71: Drop per Visitor | F71: =F62*10^9/SUM(F83,F84) -> 10702164 | G71: =G62*10^9/SUM(G83,G84) -> 7708092.5 | H71: =H62*10^9/SUM(H83,H84) -> 5559712.3 | I71: =I62*10^9/SUM(I83,I84) -> 6580920.2 | J71: =J62*10^9/SUM(J83,J84) -> 7476433.7 | K71: =K62*10^9/SUM(K83,K84) -> 5843548.8 | L71: =L62*10^9/SUM(L83,L84) -> 5586901.6 | M71: =M62*10^9/SUM(M83,M84) -> 6426219.3 | ... BM71: =BM62*10^9/SUM(BM83,BM84) -> 5852833.8
D72: y-y(%) | E72: Growth Rate(y-y) | J72: =J71/F71-1 -> -0.30140914 | K72: =K71/G71-1 -> -0.24189431 | L72: =L71/H71-1 -> 0.0048904101 | M72: =M71/I71-1 -> -0.023507494 | N72: =N71/J71-1 -> 0.0011285428 | O72: =O71/K71-1 -> -0.05045999 | P72: =P71/L71-1 -> -0.17914358 | Q72: =Q71/M71-1 -> 0.09964693 | ... BM72: =BM71/BI71-1 -> -0.47243366
D73: 중국인 VIP | E73: China VIP | F73: =F64*10^9/F86 -> 36939510 | G73: =G64*10^9/G86 -> 33710967 | H73: =H64*10^9/H86 -> 33508041 | I73: =I64*10^9/I86 -> 32451413 | J73: =J64*10^9/J86 -> 38853597 | K73: =K64*10^9/K86 -> 39269883 | L73: =L64*10^9/L86 -> 40869091 | M73: =M64*10^9/M86 -> 36375840 | ... BM73: =BM64*10^9/BM86 -> 38161212
D74: 일본인 VIP | E74: Japan VIP | F74: =F65*10^9/F87 -> 13201432 | G74: =G65*10^9/G87 -> 12465578 | H74: =H65*10^9/H87 -> 13877301 | I74: =I65*10^9/I87 -> 15720366 | J74: =J65*10^9/J87 -> 14404411 | K74: =K65*10^9/K87 -> 11411668 | L74: =L65*10^9/L87 -> 13099747 | M74: =M65*10^9/M87 -> 15338425 | ... BM74: =BM65*10^9/BM87 -> 36207197
D75: 기타 VIP | E75: Others VIP | F75: =F66*10^9/F88 -> 15503583 | G75: =G66*10^9/G88 -> 16869498 | H75: =H66*10^9/H88 -> 21914842 | I75: =I66*10^9/I88 -> 23115013 | J75: =J66*10^9/J88 -> 16764279 | K75: =K66*10^9/K88 -> 12522667 | L75: =L66*10^9/L88 -> 17849507 | M75: =M66*10^9/M88 -> 16801250 | ... BM75: =BM66*10^9/BM88 -> 27141681
D76: 매스 | E76: Mass | F76: =F67*10^9/F83 -> 2216587.3 | G76: =G67*10^9/G83 -> 1465362.1 | H76: =H67*10^9/H83 -> 1035135 | I76: =I67*10^9/I83 -> 1239459.9 | J76: =J67*10^9/J83 -> 1187500 | K76: =K67*10^9/K83 -> 821567.65 | L76: =L67*10^9/L83 -> 759432.95 | M76: =M67*10^9/M83 -> 962347.68 | ... BM76: =BM67*10^9/BM83 -> 1501205.9
C77: =Walkerhill!O$1 -> 15 | D77: 매출액 | E77: Sales | F77: =SUMIF(Monthly!$6:$6,Quarterly!F$7,Monthly!78:78) -> 88.202 | G77: =SUMIF(Monthly!$6:$6,Quarterly!G$7,Monthly!78:78) -> 77.814 | H77: =SUMIF(Monthly!$6:$6,Quarterly!H$7,Monthly!78:78) -> 76.856 | I77: =SUMIF(Monthly!$6:$6,Quarterly!I$7,Monthly!78:78) -> 104.954 | J77: =SUMIF(Monthly!$6:$6,Quarterly!J$7,Monthly!78:78) -> 97.518 | K77: =SUMIF(Monthly!$6:$6,Quarterly!K$7,Monthly!78:78) -> 97.8 | L77: =SUMIF(Monthly!$6:$6,Quarterly!L$7,Monthly!78:78) -> 96.484 | M77: =SUMIF(Monthly!$6:$6,Quarterly!M$7,Monthly!78:78) -> 81.352 | ... BM77: =SUMIF(Monthly!$6:$6,Quarterly!BM$7,Monthly!78:78) -> 76.892172
D78: y-y(%) | E78: Growth Rate(y-y) | J78: =J77/F77-1 -> 0.10562119 | K78: =K77/G77-1 -> 0.25684324 | L78: =L77/H77-1 -> 0.2553867 | M78: =M77/I77-1 -> -0.22487947 | N78: =N77/J77-1 -> 0.093039234 | O78: =O77/K77-1 -> 0.12877301 | P78: =P77/L77-1 -> -0.0046017993 | Q78: =Q77/M77-1 -> 0.37861392 | ... BM78: =BM77/BI77-1 -> -0.077755054
C79: =C77-2 -> 13 | D79: 테이블 | E79: Table Sales | F79: =SUMIF(Monthly!$6:$6,Quarterly!F$7,Monthly!80:80) -> 83.128 | G79: =SUMIF(Monthly!$6:$6,Quarterly!G$7,Monthly!80:80) -> 73.074 | H79: =SUMIF(Monthly!$6:$6,Quarterly!H$7,Monthly!80:80) -> 72.324 | I79: =SUMIF(Monthly!$6:$6,Quarterly!I$7,Monthly!80:80) -> 99.069 | J79: =SUMIF(Monthly!$6:$6,Quarterly!J$7,Monthly!80:80) -> 92.359 | K79: =SUMIF(Monthly!$6:$6,Quarterly!K$7,Monthly!80:80) -> 91.288 | L79: =SUMIF(Monthly!$6:$6,Quarterly!L$7,Monthly!80:80) -> 90.765 | M79: =SUMIF(Monthly!$6:$6,Quarterly!M$7,Monthly!80:80) -> 75.611 | ... BM79: =SUMIF(Monthly!$6:$6,Quarterly!BM$7,Monthly!80:80) -> 72.064347
C80: =C79+1 -> 14 | D80: 머신 | E80: Machine Sales | F80: =SUMIF(Monthly!$6:$6,Quarterly!F$7,Monthly!81:81) -> 5.074 | G80: =SUMIF(Monthly!$6:$6,Quarterly!G$7,Monthly!81:81) -> 4.74 | H80: =SUMIF(Monthly!$6:$6,Quarterly!H$7,Monthly!81:81) -> 4.532 | I80: =SUMIF(Monthly!$6:$6,Quarterly!I$7,Monthly!81:81) -> 5.885 | J80: =SUMIF(Monthly!$6:$6,Quarterly!J$7,Monthly!81:81) -> 5.159 | K80: =SUMIF(Monthly!$6:$6,Quarterly!K$7,Monthly!81:81) -> 6.512 | L80: =SUMIF(Monthly!$6:$6,Quarterly!L$7,Monthly!81:81) -> 5.719 | M80: =SUMIF(Monthly!$6:$6,Quarterly!M$7,Monthly!81:81) -> 5.741 | ... BM80: =SUMIF(Monthly!$6:$6,Quarterly!BM$7,Monthly!81:81) -> 4.8278249
B81: Walkerhill | C81: 12 | D81: 홀드율 | E81: Hold Rate | F81: =INDEX(Walkerhill!$A$1:$BG$262,F$5,$C81) -> 0.11050913 | G81: =INDEX(Walkerhill!$A$1:$BG$262,G$5,$C81) -> 0.12886799 | H81: =INDEX(Walkerhill!$A$1:$BG$262,H$5,$C81) -> 0.12068357 | I81: =INDEX(Walkerhill!$A$1:$BG$262,I$5,$C81) -> 0.14740011 | J81: =INDEX(Walkerhill!$A$1:$BG$262,J$5,$C81) -> 0 | K81: =INDEX(Walkerhill!$A$1:$BG$262,K$5,$C81) -> 0.14315679 | L81: =INDEX(Walkerhill!$A$1:$BG$262,L$5,$C81) -> 0.13047298 | M81: =INDEX(Walkerhill!$A$1:$BG$262,M$5,$C81) -> 0.11948515 | ... BM81: =INDEX(Walkerhill!$A$1:$BG$262,BM$5,$C81) -> 0.091433109
D82: 테이블 | E82: Hold Rate(Table) | F82: =F79/F62 -> 0.14315679 | G82: =G79/G62 -> 0.13047298 | H82: =H79/H62 -> 0.11948515 | I82: =I79/I62 -> 0.14569678 | J82: =J79/J62 -> 0.14408423 | K82: =K79/K62 -> 0.13593343 | L82: =L79/L62 -> 0.13457951 | M82: =M79/M62 -> 0.1080472 | ... BM82: =BM79/BM62 -> 0.10715474
D83: 매스 고객수 | E83: No. of MASS | F83: =F179-F84 -> 28769 | G83: =G179-G84 -> 47217 | H83: =H179-H84 -> 83421 | I83: =I179-I84 -> 77324 | J83: =J179-J84 -> 60512 | K83: =K179-K84 -> 86027 | L83: =L179-L84 -> 93396 | M83: =M179-M84 -> 81323 | ... BM83: =BM179-BM84 -> 99089.047
C84: =ROW(Monthly!C80) -> 80 | D84: VIP고객수 | E84: No. of VIPs | F84: =SUMIF(Monthly!$6:$6,Quarterly!F$7,Monthly!86:86) -> 25489 | G84: =SUMIF(Monthly!$6:$6,Quarterly!G$7,Monthly!86:86) -> 25443 | H84: =SUMIF(Monthly!$6:$6,Quarterly!H$7,Monthly!86:86) -> 25451 | I84: =SUMIF(Monthly!$6:$6,Quarterly!I$7,Monthly!86:86) -> 26000 | J84: =SUMIF(Monthly!$6:$6,Quarterly!J$7,Monthly!86:86) -> 25225 | K84: =SUMIF(Monthly!$6:$6,Quarterly!K$7,Monthly!86:86) -> 28897 | L84: =SUMIF(Monthly!$6:$6,Quarterly!L$7,Monthly!86:86) -> 27321 | M84: =SUMIF(Monthly!$6:$6,Quarterly!M$7,Monthly!86:86) -> 27574 | ... BM84: =SUMIF(Monthly!$6:$6,Quarterly!BM$7,Monthly!86:86) -> 15817
C85: =C84+1 -> 81 | D85: y-y(%) | E85: Growth Rate(y-y) | J85: =J84/F84-1 -> -0.010357409 | K85: =K84/G84-1 -> 0.13575443 | L85: =L84/H84-1 -> 0.07347452 | M85: =M84/I84-1 -> 0.060538462 | N85: =N84/J84-1 -> 0.063746283 | O85: =O84/K84-1 -> -0.099041423 | P85: =P84/L84-1 -> -0.023461806 | Q85: =Q84/M84-1 -> 0.052078045 | ... BM85: =BM84/BI84-1 -> 0.021902055
C86: =C85+1 -> 82 | D86: 중국인 VIP | E86: China VIP | F86: =SUMIF(Monthly!$6:$6,Quarterly!F$7,Monthly!88:88) -> 7059 | G86: =SUMIF(Monthly!$6:$6,Quarterly!G$7,Monthly!88:88) -> 7103 | H86: =SUMIF(Monthly!$6:$6,Quarterly!H$7,Monthly!88:88) -> 6405 | I86: =SUMIF(Monthly!$6:$6,Quarterly!I$7,Monthly!88:88) -> 8243 | J86: =SUMIF(Monthly!$6:$6,Quarterly!J$7,Monthly!88:88) -> 7978 | K86: =SUMIF(Monthly!$6:$6,Quarterly!K$7,Monthly!88:88) -> 9493 | L86: =SUMIF(Monthly!$6:$6,Quarterly!L$7,Monthly!88:88) -> 7891 | M86: =SUMIF(Monthly!$6:$6,Quarterly!M$7,Monthly!88:88) -> 9073 | ... BM86: =SUMIF(Monthly!$6:$6,Quarterly!BM$7,Monthly!88:88) -> 3739
C87: =C86+1 -> 83 | D87: 일본인 VIP | E87: Japan VIP | F87: =SUMIF(Monthly!$6:$6,Quarterly!F$7,Monthly!89:89) -> 12848 | G87: =SUMIF(Monthly!$6:$6,Quarterly!G$7,Monthly!89:89) -> 13160 | H87: =SUMIF(Monthly!$6:$6,Quarterly!H$7,Monthly!89:89) -> 14067 | I87: =SUMIF(Monthly!$6:$6,Quarterly!I$7,Monthly!89:89) -> 12688 | J87: =SUMIF(Monthly!$6:$6,Quarterly!J$7,Monthly!89:89) -> 12695 | K87: =SUMIF(Monthly!$6:$6,Quarterly!K$7,Monthly!89:89) -> 13404 | L87: =SUMIF(Monthly!$6:$6,Quarterly!L$7,Monthly!89:89) -> 13855 | M87: =SUMIF(Monthly!$6:$6,Quarterly!M$7,Monthly!89:89) -> 13223 | ... BM87: =SUMIF(Monthly!$6:$6,Quarterly!BM$7,Monthly!89:89) -> 5876
C88: =C87+1 -> 84 | D88: 기타 VIP | E88: Others VIP | F88: =SUMIF(Monthly!$6:$6,Quarterly!F$7,Monthly!90:90) -> 5582 | G88: =SUMIF(Monthly!$6:$6,Quarterly!G$7,Monthly!90:90) -> 5180 | H88: =SUMIF(Monthly!$6:$6,Quarterly!H$7,Monthly!90:90) -> 4979 | I88: =SUMIF(Monthly!$6:$6,Quarterly!I$7,Monthly!90:90) -> 5069 | J88: =SUMIF(Monthly!$6:$6,Quarterly!J$7,Monthly!90:90) -> 4552 | K88: =SUMIF(Monthly!$6:$6,Quarterly!K$7,Monthly!90:90) -> 6000 | L88: =SUMIF(Monthly!$6:$6,Quarterly!L$7,Monthly!90:90) -> 5575 | M88: =SUMIF(Monthly!$6:$6,Quarterly!M$7,Monthly!90:90) -> 5278 | ... BM88: =SUMIF(Monthly!$6:$6,Quarterly!BM$7,Monthly!90:90) -> 6202
D89: Paradise City | AH89: =AH95/AH90 -> 0.14999042 | AI89: =AI95/AI90 -> 0.14890657 | AJ89: =AJ95/AJ90 -> 0.14300683 | AK89: =AK95/AK90 -> 0.16217545 | AL89: =AL95/AL90 -> 0.15375336 | AM89: =AM95/AM90 -> 0.15656526 | AN89: =AN95/AN90 -> 0.17645736 | AO89: =AO95/AO90 -> 0.19040156 | ... BM89: =BM95/BM90 -> 0.25428672
C90: =ROW(Monthly!C92) -> 92 | D90: 드롭액 | E90: Drop | F90: =SUMIF(Monthly!$6:$6,Quarterly!F$7,Monthly!92:92) -> 188.762 | G90: =SUMIF(Monthly!$6:$6,Quarterly!G$7,Monthly!92:92) -> 225.204 | H90: =SUMIF(Monthly!$6:$6,Quarterly!H$7,Monthly!92:92) -> 211.226 | I90: =SUMIF(Monthly!$6:$6,Quarterly!I$7,Monthly!92:92) -> 183.697 | J90: =SUMIF(Monthly!$6:$6,Quarterly!J$7,Monthly!92:92) -> 180.763 | K90: =SUMIF(Monthly!$6:$6,Quarterly!K$7,Monthly!92:92) -> 161.07 | L90: =SUMIF(Monthly!$6:$6,Quarterly!L$7,Monthly!92:92) -> 222.436 | M90: =SUMIF(Monthly!$6:$6,Quarterly!M$7,Monthly!92:92) -> 251.422 | ... BM90: =SUMIF(Monthly!$6:$6,Quarterly!BM$7,Monthly!92:92) -> 940.705
D91: y-y(%) | E91: Growth Rate(y-y) | J91: =J90/F90-1 -> -0.042376114 | K91: =K90/G90-1 -> -0.2847818 | L91: =L90/H90-1 -> 0.053071118 | M91: =M90/I90-1 -> 0.36867777 | N91: =N90/J90-1 -> 0.40966348 | O91: =O90/K90-1 -> 0.62028311 | P91: =P90/L90-1 -> 0.16473502 | Q91: =Q90/M90-1 -> 0.14013889 | ... BM91: =BM90/BI90-1 -> 0.10203395
C92: =ROW(Monthly!C94) -> 94 | D92: 중국인 VIP | E92: China VIP | F92: =SUMIF(Monthly!$6:$6,Quarterly!F$7,Monthly!94:94) -> 127.511 | G92: =SUMIF(Monthly!$6:$6,Quarterly!G$7,Monthly!94:94) -> 156.42 | H92: =SUMIF(Monthly!$6:$6,Quarterly!H$7,Monthly!94:94) -> 151.79 | I92: =SUMIF(Monthly!$6:$6,Quarterly!I$7,Monthly!94:94) -> 137.361 | J92: =SUMIF(Monthly!$6:$6,Quarterly!J$7,Monthly!94:94) -> 128.195 | K92: =SUMIF(Monthly!$6:$6,Quarterly!K$7,Monthly!94:94) -> 115.314 | L92: =SUMIF(Monthly!$6:$6,Quarterly!L$7,Monthly!94:94) -> 153.135 | M92: =SUMIF(Monthly!$6:$6,Quarterly!M$7,Monthly!94:94) -> 175.336 | ... BM92: =SUMIF(Monthly!$6:$6,Quarterly!BM$7,Monthly!94:94) -> 102.37535
C93: =ROW(Monthly!C95) -> 95 | D93: 일본인 VIP | E93: Japan VIP | F93: =SUMIF(Monthly!$6:$6,Quarterly!F$7,Monthly!95:95) -> 36.782 | G93: =SUMIF(Monthly!$6:$6,Quarterly!G$7,Monthly!95:95) -> 42.412 | H93: =SUMIF(Monthly!$6:$6,Quarterly!H$7,Monthly!95:95) -> 30.49 | I93: =SUMIF(Monthly!$6:$6,Quarterly!I$7,Monthly!95:95) -> 24.228 | J93: =SUMIF(Monthly!$6:$6,Quarterly!J$7,Monthly!95:95) -> 33.225 | K93: =SUMIF(Monthly!$6:$6,Quarterly!K$7,Monthly!95:95) -> 26.328 | L93: =SUMIF(Monthly!$6:$6,Quarterly!L$7,Monthly!95:95) -> 38.446 | M93: =SUMIF(Monthly!$6:$6,Quarterly!M$7,Monthly!95:95) -> 46.054 | ... BM93: =SUMIF(Monthly!$6:$6,Quarterly!BM$7,Monthly!95:95) -> 445.29836 | BN93: =BL93/AN93 -> 1.6232158
C94: =ROW(Monthly!C96) -> 96 | D94: 기타 VIP | E94: Others VIP | F94: =SUMIF(Monthly!$6:$6,Quarterly!F$7,Monthly!96:96) -> 15.545 | G94: =SUMIF(Monthly!$6:$6,Quarterly!G$7,Monthly!96:96) -> 16.988 | H94: =SUMIF(Monthly!$6:$6,Quarterly!H$7,Monthly!96:96) -> 20.227 | I94: =SUMIF(Monthly!$6:$6,Quarterly!I$7,Monthly!96:96) -> 12.092 | J94: =SUMIF(Monthly!$6:$6,Quarterly!J$7,Monthly!96:96) -> 11.525 | K94: =SUMIF(Monthly!$6:$6,Quarterly!K$7,Monthly!96:96) -> 10.704 | L94: =SUMIF(Monthly!$6:$6,Quarterly!L$7,Monthly!96:96) -> 21.802 | M94: =SUMIF(Monthly!$6:$6,Quarterly!M$7,Monthly!96:96) -> 20.336 | ... BM94: =SUMIF(Monthly!$6:$6,Quarterly!BM$7,Monthly!96:96) -> 153.82199
C95: =ROW(Monthly!C97) -> 97 | D95: 매스 | E95: Mass | F95: =SUMIF(Monthly!$6:$6,Quarterly!F$7,Monthly!97:97) -> 8.924 | G95: =SUMIF(Monthly!$6:$6,Quarterly!G$7,Monthly!97:97) -> 9.384 | H95: =SUMIF(Monthly!$6:$6,Quarterly!H$7,Monthly!97:97) -> 8.719 | I95: =SUMIF(Monthly!$6:$6,Quarterly!I$7,Monthly!97:97) -> 10.016 | J95: =SUMIF(Monthly!$6:$6,Quarterly!J$7,Monthly!97:97) -> 7.818 | K95: =SUMIF(Monthly!$6:$6,Quarterly!K$7,Monthly!97:97) -> 8.724 | L95: =SUMIF(Monthly!$6:$6,Quarterly!L$7,Monthly!97:97) -> 9.053 | M95: =SUMIF(Monthly!$6:$6,Quarterly!M$7,Monthly!97:97) -> 9.696 | ... BM95: =SUMIF(Monthly!$6:$6,Quarterly!BM$7,Monthly!97:97) -> 239.20879
C96: =ROW(Monthly!C98) -> 98 | D96: 정킷 | E96: Rolling Chip Rate | F96: =SUMIF(Monthly!$6:$6,Quarterly!F$7,Monthly!98:98) -> 0 | G96: =SUMIF(Monthly!$6:$6,Quarterly!G$7,Monthly!98:98) -> 0 | H96: =SUMIF(Monthly!$6:$6,Quarterly!H$7,Monthly!98:98) -> 0 | I96: =SUMIF(Monthly!$6:$6,Quarterly!I$7,Monthly!98:98) -> 0 | J96: =SUMIF(Monthly!$6:$6,Quarterly!J$7,Monthly!98:98) -> 0 | K96: =SUMIF(Monthly!$6:$6,Quarterly!K$7,Monthly!98:98) -> 0 | L96: =SUMIF(Monthly!$6:$6,Quarterly!L$7,Monthly!98:98) -> 0 | M96: =SUMIF(Monthly!$6:$6,Quarterly!M$7,Monthly!98:98) -> 0 | ... BM96: =SUMIF(Monthly!$6:$6,Quarterly!BM$7,Monthly!98:98) -> 0
C97: =ROW(Monthly!C99) -> 99 | D97: W/L | E97: Win/Loss | F97: =SUMIF(Monthly!$6:$6,Quarterly!F$7,Monthly!99:99) -> 0 | G97: =SUMIF(Monthly!$6:$6,Quarterly!G$7,Monthly!99:99) -> 0 | H97: =SUMIF(Monthly!$6:$6,Quarterly!H$7,Monthly!99:99) -> 0 | I97: =SUMIF(Monthly!$6:$6,Quarterly!I$7,Monthly!99:99) -> 0 | J97: =SUMIF(Monthly!$6:$6,Quarterly!J$7,Monthly!99:99) -> 0 | K97: =SUMIF(Monthly!$6:$6,Quarterly!K$7,Monthly!99:99) -> 0 | L97: =SUMIF(Monthly!$6:$6,Quarterly!L$7,Monthly!99:99) -> 0 | M97: =SUMIF(Monthly!$6:$6,Quarterly!M$7,Monthly!99:99) -> 0 | ... BM97: =SUMIF(Monthly!$6:$6,Quarterly!BM$7,Monthly!99:99) -> 0
B98: City | C98: =City!E1 -> 5 | D98: 홀드율 | E98: Hold Rate | F98: =INDEX(City!$A$1:$X$260,F$5,$C98) -> 0 | G98: =INDEX(City!$A$1:$X$260,G$5,$C98) -> 0 | H98: =INDEX(City!$A$1:$X$260,H$5,$C98) -> 0 | I98: =INDEX(City!$A$1:$X$260,I$5,$C98) -> 0 | J98: =INDEX(City!$A$1:$X$260,J$5,$C98) -> 0 | K98: =INDEX(City!$A$1:$X$260,K$5,$C98) -> 0 | L98: =INDEX(City!$A$1:$X$260,L$5,$C98) -> 0 | M98: =INDEX(City!$A$1:$X$260,M$5,$C98) -> 0 | ... BM98: =INDEX(City!$A$1:$X$260,BM$5,$C98) -> 0
D99: 인당 드롭액 | E99: Drop per Visitor | F99: =F90*10^9/SUM(F111,F112) -> 22565690 | G99: =G90*10^9/SUM(G111,G112) -> 22893565 | H99: =H90*10^9/SUM(H111,H112) -> 22014174 | I99: =I90*10^9/SUM(I111,I112) -> 18218487 | J99: =J90*10^9/SUM(J111,J112) -> 18262578 | K99: =K90*10^9/SUM(K111,K112) -> 15261512 | L99: =L90*10^9/SUM(L111,L112) -> 18925891 | M99: =M90*10^9/SUM(M111,M112) -> 20339940 | ... BM99: =BM90*10^9/SUM(BM111,BM112) -> 16917200
D100: y-y(%) | E100: Growth Rate(y-y) | J100: =J99/F99-1 -> -0.19069268 | K100: =K99/G99-1 -> -0.3333711 | L100: =L99/H99-1 -> -0.14028611 | M100: =M99/I99-1 -> 0.1164451 | N100: =N99/J99-1 -> 0.12062076 | O100: =O99/K99-1 -> 0.37220895 | P100: =P99/L99-1 -> 0.041790772 | Q100: =Q99/M99-1 -> -0.023200941 | ... BM100: =BM99/BI99-1 -> -0.46854072
D101: 중국인 VIP | E101: China VIP | F101: =F92*10^9/F114 -> 45056890 | G101: =G92*10^9/G114 -> 43522538 | H101: =H92*10^9/H114 -> 47066667 | I101: =I92*10^9/I114 -> 41878354 | J101: =J92*10^9/J114 -> 40826433 | K101: =K92*10^9/K114 -> 39063008 | L101: =L92*10^9/L114 -> 40956138 | M101: =M92*10^9/M114 -> 39498986 | ... BM101: =BM92*10^9/BM114 -> 29951829 | BN101: =BL101/AN101 -> 0.99543678
D102: 일본인 VIP | E102: Japan VIP | F102: =F93*10^9/F115 -> 22238210 | G102: =G93*10^9/G115 -> 21873130 | H102: =H93*10^9/H115 -> 20032852 | I102: =I93*10^9/I115 -> 17305714 | J102: =J93*10^9/J115 -> 21394076 | K102: =K93*10^9/K115 -> 13230151 | L102: =L93*10^9/L115 -> 15952697 | M102: =M93*10^9/M115 -> 19936797 | ... BM102: =BM93*10^9/BM115 -> 36091616 | BN102: =BL102/AN102 -> 1.2428175
...

Sheet Property
B1: Paradise: Operating metrics | C1: 3 | D1: =C1+1 -> 4 | E1: =D1+1 -> 5 | F1: =E1+1 -> 6 | G1: =F1+1 -> 7 | H1: =G1+1 -> 8 | I1: =H1+1 -> 9 | J1: =I1+1 -> 10 | K1: =J1+1 -> 11 | ... W1: =V1+1 -> 23
C2: Rolling Chip Turnover | I2: Win rate % | J2: Drop | P2: Hold % | R2: Sales
B3: (KRW mn) | C3: Walkerhill | D3: P-City | E3: Busan | F3: Jeju Grand | G3: Total | H3: Y/Y% | J3: Walkerhill | K3: P-City | L3: Busan | M3: Jeju Grand | N3: Total | O3: Y/Y% | R3: =J3 -> Walkerhill | S3: =K3 -> P-City | T3: =L3 -> Busan | U3: =M3 -> Jeju Grand | V3: =N3 -> Total | W3: Y/Y%
B4: 40574 | J4: =Walkerhill!K4 -> 195632 | K4: =City!K4 -> 68535 | L4: =Busan!K4 -> 44284.781 | M4: =Jeju!K4 -> 9242 | N4: =SUM(J4:M4) -> 317693.78 | P4: =Segment!K4 -> 0.15129034 | R4: =Walkerhill!P4 -> 32279 | S4: =City!P4 -> 9765 | T4: =Busan!P4 -> 6341 | U4: =Jeju!P4 -> 1354 | V4: =SUM(R4:U4) -> 49739
B5: 40602 | J5: =Walkerhill!K5 -> 212399 | K5: =City!K5 -> 60372 | L5: =Busan!K5 -> 50124.518 | M5: =Jeju!K5 -> 15928 | N5: =SUM(J5:M5) -> 338823.52 | P5: =Segment!K5 -> 0.1099599 | R5: =Walkerhill!P5 -> 29538 | S5: =City!P5 -> 3576 | T5: =Busan!P5 -> 5157 | U5: =Jeju!P5 -> 972 | V5: =SUM(R5:U5) -> 39243
B6: 40633 | J6: =Walkerhill!K6 -> 172647 | K6: =City!K6 -> 59855 | L6: =Busan!K6 -> 52672.168 | M6: =Jeju!K6 -> 11872 | N6: =SUM(J6:M6) -> 297046.17 | P6: =Segment!K6 -> 0.11625802 | R6: =Walkerhill!P6 -> 26385 | S6: =City!P6 -> 3256 | T6: =Busan!P6 -> 5423 | U6: =Jeju!P6 -> 1641 | V6: =SUM(R6:U6) -> 36705
B7: 40663 | J7: =Walkerhill!K7 -> 175481 | K7: =City!K7 -> 72360 | L7: =Busan!K7 -> 52685.09 | M7: =Jeju!K7 -> 13976 | N7: =SUM(J7:M7) -> 314502.09 | P7: =Segment!K7 -> 0.11098177 | R7: =Walkerhill!P7 -> 26660 | S7: =City!P7 -> 5054 | T7: =Busan!P7 -> 3247 | U7: =Jeju!P7 -> 1747 | V7: =SUM(R7:U7) -> 36708
B8: 40694 | J8: =Walkerhill!K8 -> 189623 | K8: =City!K8 -> 83584 | L8: =Busan!K8 -> 59982.794 | M8: =Jeju!K8 -> 20102 | N8: =SUM(J8:M8) -> 353291.79 | P8: =Segment!K8 -> 0.10125058 | R8: =Walkerhill!P8 -> 25108 | S8: =City!P8 -> 5134 | T8: =Busan!P8 -> 7171 | U8: =Jeju!P8 -> 511 | V8: =SUM(R8:U8) -> 37924
B9: 40724 | J9: =Walkerhill!K9 -> 194966 | K9: =City!K9 -> 69260 | L9: =Busan!K9 -> 43310.78 | M9: =Jeju!K9 -> 20452 | N9: =SUM(J9:M9) -> 327988.78 | P9: =Segment!K9 -> 0.10614692 | R9: =Walkerhill!P9 -> 26046 | S9: =City!P9 -> 4316 | T9: =Busan!P9 -> 3556 | U9: =Jeju!P9 -> 2617 | V9: =SUM(R9:U9) -> 36535
B10: 40755 | J10: =Walkerhill!K10 -> 181896 | K10: =City!K10 -> 78968 | L10: =Busan!K10 -> 56786.571 | M10: =Jeju!K10 -> 24597 | N10: =SUM(J10:M10) -> 342247.57 | P10: =Segment!K10 -> 0.1274925 | R10: =Walkerhill!P10 -> 26975 | S10: =City!P10 -> 8768 | T10: =Busan!P10 -> 8054 | U10: =Jeju!P10 -> 1605 | V10: =SUM(R10:U10) -> 45402
B11: 40786 | J11: =Walkerhill!K11 -> 204482 | K11: =City!K11 -> 72019 | L11: =Busan!K11 -> 51797.435 | M11: =Jeju!K11 -> 28360.8 | N11: =SUM(J11:M11) -> 356659.23 | P11: =Segment!K11 -> 0.12131187 | R11: =Walkerhill!P11 -> 30058 | S11: =City!P11 -> 5874 | T11: =Busan!P11 -> 6129 | U11: =Jeju!P11 -> 3047 | V11: =SUM(R11:U11) -> 45108
B12: 40816 | J12: =Walkerhill!K12 -> 218919 | K12: =City!K12 -> 60239 | L12: =Busan!K12 -> 54601.112 | M12: =Jeju!K12 -> 28258.9 | N12: =SUM(J12:M12) -> 362018.01 | P12: =Segment!K12 -> 0.095188634 | R12: =Walkerhill!P12 -> 19823 | S12: =City!P12 -> 7828 | T12: =Busan!P12 -> 6791 | U12: =Jeju!P12 -> 2220 | V12: =SUM(R12:U12) -> 36662
B13: 40847 | J13: =Walkerhill!K13 -> 288116 | K13: =City!K13 -> 66405 | L13: =Busan!K13 -> 73460.831 | M13: =Jeju!K13 -> 38952 | N13: =SUM(J13:M13) -> 466933.83 | P13: =Segment!K13 -> 0.13187307 | R13: =Walkerhill!P13 -> 39532 | S13: =City!P13 -> 10335 | T13: =Busan!P13 -> 9715 | U13: =Jeju!P13 -> 4348 | V13: =SUM(R13:U13) -> 63930
B14: 40877 | J14: =Walkerhill!K14 -> 204907 | K14: =City!K14 -> 48585 | L14: =Busan!K14 -> 59318.218 | M14: =Jeju!K14 -> 35896.3 | N14: =SUM(J14:M14) -> 348706.52 | P14: =Segment!K14 -> 0.1434358 | R14: =Walkerhill!P14 -> 39365 | S14: =City!P14 -> 6350 | T14: =Busan!P14 -> 5951 | U14: =Jeju!P14 -> 969 | V14: =SUM(R14:U14) -> 52635
B15: 40908 | J15: =Walkerhill!K15 -> 186944 | K15: =City!K15 -> 68707 | L15: =Busan!K15 -> 56569.075 | M15: =Jeju!K15 -> 35841.4 | N15: =SUM(J15:M15) -> 348061.47 | P15: =Segment!K15 -> 0.11266113 | R15: =Walkerhill!P15 -> 26057 | S15: =City!P15 -> 4250 | T15: =Busan!P15 -> 8372 | U15: =Jeju!P15 -> 2834 | V15: =SUM(R15:U15) -> 41513
B16: 40939 | J16: =Walkerhill!K16 -> 194711 | K16: =City!K16 -> 66839 | L16: =Busan!K16 -> 52436.215 | M16: =Jeju!K16 -> 40378 | N16: =SUM(J16:M16) -> 354364.21 | O16: =N16/N4-1 -> 0.11542698 | P16: =Segment!K16 -> 0.16358029 | R16: =Walkerhill!P16 -> 38558 | S16: =City!P16 -> 8804 | T16: =Busan!P16 -> 11032 | U16: =Jeju!P16 -> 1965 | V16: =SUM(R16:U16) -> 60359 | W16: =V16/V4-1 -> 0.21351455
B17: 40968 | J17: =Walkerhill!K17 -> 208908 | K17: =City!K17 -> 60170 | L17: =Busan!K17 -> 47697.151 | M17: =Jeju!K17 -> 38861 | N17: =SUM(J17:M17) -> 355636.15 | O17: =N17/N5-1 -> 0.04962062 | P17: =Segment!K17 -> 0.10759311 | R17: =Walkerhill!P17 -> 25805 | S17: =City!P17 -> 5287 | T17: =Busan!P17 -> 5345 | U17: =Jeju!P17 -> 4064 | V17: =SUM(R17:U17) -> 40501 | W17: =V17/V5-1 -> 0.032056673
B18: 40999 | J18: =Walkerhill!K18 -> 237388 | K18: =City!K18 -> 53754 | L18: =Busan!K18 -> 55630.179 | M18: =Jeju!K18 -> 43135 | N18: =SUM(J18:M18) -> 389907.18 | O18: =N18/N6-1 -> 0.31261474 | P18: =Segment!K18 -> 0.11773058 | R18: =Walkerhill!P18 -> 33155 | S18: =City!P18 -> 7076 | T18: =Busan!P18 -> 5703 | U18: =Jeju!P18 -> 2330 | V18: =SUM(R18:U18) -> 48264 | W18: =V18/V6-1 -> 0.31491622
B19: 41029 | J19: =Walkerhill!K19 -> 226429 | K19: =City!K19 -> 64281 | L19: =Busan!K19 -> 58315.443 | M19: =Jeju!K19 -> 30599 | N19: =SUM(J19:M19) -> 379624.44 | O19: =N19/N7-1 -> 0.20706493 | P19: =Segment!K19 -> 0.13347665 | R19: =Walkerhill!P19 -> 37136 | S19: =City!P19 -> 6378 | T19: =Busan!P19 -> 6712 | U19: =Jeju!P19 -> 3320 | V19: =SUM(R19:U19) -> 53546 | W19: =V19/V7-1 -> 0.4587011
B20: 41060 | J20: =Walkerhill!K20 -> 222707 | K20: =City!K20 -> 43522 | L20: =Busan!K20 -> 57474.363 | M20: =Jeju!K20 -> 34783 | N20: =SUM(J20:M20) -> 358486.36 | O20: =N20/N8-1 -> 0.014703339 | P20: =Segment!K20 -> 0.14542255 | R20: =Walkerhill!P20 -> 38312 | S20: =City!P20 -> 7479 | T20: =Busan!P20 -> 6679 | U20: =Jeju!P20 -> 2818 | V20: =SUM(R20:U20) -> 55288 | W20: =V20/V8-1 -> 0.45786309
B21: 41090 | J21: =Walkerhill!K21 -> 222428 | K21: =City!K21 -> 53267 | L21: =Busan!K21 -> 76685.923 | M21: =Jeju!K21 -> 37309 | N21: =SUM(J21:M21) -> 389689.92 | O21: =N21/N9-1 -> 0.18811968 | P21: =Segment!K21 -> 0.090787567 | R21: =Walkerhill!P21 -> 22352 | S21: =City!P21 -> 4559 | T21: =Busan!P21 -> 8401 | U21: =Jeju!P21 -> 2635 | V21: =SUM(R21:U21) -> 37947 | W21: =V21/V9-1 -> 0.038647872
B22: 41121 | J22: =Walkerhill!K22 -> 245959 | K22: =City!K22 -> 80925 | L22: =Busan!K22 -> 57944.516 | M22: =Jeju!K22 -> 33228 | N22: =SUM(J22:M22) -> 418056.52 | O22: =N22/N10-1 -> 0.22150324 | P22: =Segment!K22 -> 0.1036989 | R22: =Walkerhill!P22 -> 31307 | S22: =City!P22 -> 5960 | T22: =Busan!P22 -> 6052 | U22: =Jeju!P22 -> 2862 | V22: =SUM(R22:U22) -> 46181 | W22: =V22/V10-1 -> 0.017157834
B23: 41152 | J23: =Walkerhill!K23 -> 213475 | K23: =City!K23 -> 72936 | L23: =Busan!K23 -> 68490.848 | M23: =Jeju!K23 -> 39594.8 | N23: =SUM(J23:M23) -> 394496.65 | O23: =N23/N11-1 -> 0.10608842 | P23: =Segment!K23 -> 0.10864224 | R23: =Walkerhill!P23 -> 30263 | S23: =City!P23 -> 6399 | T23: =Busan!P23 -> 6741 | U23: =Jeju!P23 -> 2209 | V23: =SUM(R23:U23) -> 45612 | W23: =V23/V11-1 -> 0.011173184
B24: 41182 | J24: =Walkerhill!K24 -> 215000 | K24: =City!K24 -> 68575 | L24: =Busan!K24 -> 52726.885 | M24: =Jeju!K24 -> 41352 | N24: =SUM(J24:M24) -> 377653.89 | O24: =N24/N12-1 -> 0.04319087 | P24: =Segment!K24 -> 0.13745655 | R24: =Walkerhill!P24 -> 34914 | S24: =City!P24 -> 5581 | T24: =Busan!P24 -> 8793 | U24: =Jeju!P24 -> 5252 | V24: =SUM(R24:U24) -> 54540 | W24: =V24/V12-1 -> 0.48764388
B25: 41213 | J25: =Walkerhill!K25 -> 269726 | K25: =City!K25 -> 78602 | L25: =Busan!K25 -> 60492.431 | M25: =Jeju!K25 -> 46635 | N25: =SUM(J25:M25) -> 455455.43 | O25: =N25/N13-1 -> -0.024582498 | P25: =Segment!K25 -> 0.10593133 | R25: =Walkerhill!P25 -> 35491 | S25: =City!P25 -> 6164 | T25: =Busan!P25 -> 4498 | U25: =Jeju!P25 -> 4763 | V25: =SUM(R25:U25) -> 50916 | W25: =V25/V13-1 -> -0.2035664
B26: 41243 | J26: =Walkerhill!K26 -> 196695 | K26: =City!K26 -> 77401 | L26: =Busan!K26 -> 51563.849 | M26: =Jeju!K26 -> 28661 | N26: =SUM(J26:M26) -> 354320.85 | O26: =N26/N14-1 -> 0.016100448 | P26: =Segment!K26 -> 0.10704422 | R26: =Walkerhill!P26 -> 23177 | S26: =City!P26 -> 7935 | T26: =Busan!P26 -> 5332 | U26: =Jeju!P26 -> 3929 | V26: =SUM(R26:U26) -> 40373 | W26: =V26/V14-1 -> -0.23296286
B27: 41274 | J27: =Walkerhill!K27 -> 233375 | K27: =City!K27 -> 95419 | L27: =Busan!K27 -> 66878.196 | M27: =Jeju!K27 -> 44689 | N27: =SUM(J27:M27) -> 440361.2 | O27: =N27/N15-1 -> 0.26518224 | P27: =Segment!K27 -> 0.075992163 | R27: =Walkerhill!P27 -> 22684 | S27: =City!P27 -> 6419 | T27: =Busan!P27 -> 5974 | U27: =Jeju!P27 -> 935 | V27: =SUM(R27:U27) -> 36012 | W27: =V27/V15-1 -> -0.13251271
... B61: 42308 | J61: =Walkerhill!K61 -> 227917.07 | K61: =City!K61 -> 98905.82 | L61: =Busan!K61 -> 66027.271 | M61: =Jeju!K61 -> 51225 | N61: =SUM(J61:M61) -> 444075.17 | O61: =N61/N49-1 -> -0.19816343 | P61: =Segment!K61 -> 0.14414452 | R61: =Walkerhill!P61 -> 47697 | S61: =City!P61 -> 12182 | T61: =Busan!P61 -> 4457 | U61: =Jeju!P61 -> 2790 | V61: =SUM(R61:U61) -> 67126 | W61: =V61/V49-1 -> 0.25689997
B62: =EOMONTH(B61,1) -> 42338 | J62: =Walkerhill!K62 -> 163059.82 | K62: =City!K62 -> 66711.995 | L62: =Busan!K62 -> 75538.743 | M62: =Jeju!K62 -> 36565 | N62: =SUM(J62:M62) -> 341875.56 | O62: =N62/N50-1 -> -0.32414625 | P62: =Segment!K62 -> 0.13640343 | R62: =Walkerhill!P62 -> 30115 | S62: =City!P62 -> 11621 | T62: =Busan!P62 -> 7331 | U62: =Jeju!P62 -> 1234 | V62: =SUM(R62:U62) -> 50301 | W62: =V62/V50-1 -> -0.16289171
B63: =EOMONTH(B62,1) -> 42369 | J63: =Walkerhill!K63 -> 189415.36 | K63: =City!K63 -> 68931.449 | L63: =Busan!K63 -> 77176.232 | M63: =Jeju!K63 -> 36886 | N63: =SUM(J63:M63) -> 372409.04 | O63: =N63/N51-1 -> -0.22390262 | P63: =Segment!K63 -> 0.097755415 | R63: =Walkerhill!P63 -> 25384 | S63: =City!P63 -> 5533 | T63: =Busan!P63 -> 4754 | U63: =Jeju!P63 -> 3989 | V63: =SUM(R63:U63) -> 39660 | W63: =V63/V51-1 -> -0.28776668
B64: =EOMONTH(B63,1) -> 42400 | J64: =Walkerhill!K64 -> 200347.23 | K64: =City!K64 -> 66589 | L64: =Busan!K64 -> 97760.688 | M64: =Jeju!K64 -> 51011 | N64: =SUM(J64:M64) -> 415707.92 | O64: =N64/N52-1 -> -0.10895901 | P64: =Segment!K64 -> 0.12869132 | R64: =Walkerhill!P64 -> 39164 | S64: =City!P64 -> 2601 | T64: =Busan!P64 -> 9363 | U64: =Jeju!P64 -> 5271 | V64: =SUM(R64:U64) -> 56399 | W64: =V64/V52-1 -> -0.060486423
B65: =EOMONTH(B64,1) -> 42429 | J65: =Walkerhill!K65 -> 187215.25 | K65: =City!K65 -> 90961 | L65: =Busan!K65 -> 87820.634 | M65: =Jeju!K65 -> 45222 | N65: =SUM(J65:M65) -> 411218.88 | O65: =N65/N53-1 -> -0.039313543 | P65: =Segment!K65 -> 0.084833167 | R65: =Walkerhill!P65 -> 17934 | S65: =City!P65 -> 8481 | T65: =Busan!P65 -> 5893 | U65: =Jeju!P65 -> 5232 | V65: =SUM(R65:U65) -> 37540 | W65: =V65/V53-1 -> -0.25461152
B66: =EOMONTH(B65,1) -> 42460 | J66: =Walkerhill!K66 -> 198609.69 | K66: =City!K66 -> 80022 | L66: =Busan!K66 -> 73850.147 | M66: =Jeju!K66 -> 53132 | N66: =SUM(J66:M66) -> 405613.84 | O66: =N66/N54-1 -> 0.013967496 | P66: =Segment!K66 -> 0.10177168 | R66: =Walkerhill!P66 -> 31012 | S66: =City!P66 -> 10483 | T66: =Busan!P66 -> 304 | U66: =Jeju!P66 -> 2230 | V66: =SUM(R66:U66) -> 44029 | W66: =V66/V54-1 -> 0.14916219
B67: =EOMONTH(B66,1) -> 42490 | J67: =Walkerhill!K67 -> 211903.93 | K67: =City!K67 -> 61870 | L67: =Busan!K67 -> 88847.753 | M67: =Jeju!K67 -> 52576 | N67: =SUM(J67:M67) -> 415197.68 | O67: =N67/N55-1 -> -0.05013693 | P67: =Segment!K67 -> 0.12707682 | R67: =Walkerhill!P67 -> 34527 | S67: =City!P67 -> 6319 | T67: =Busan!P67 -> 12514 | U67: =Jeju!P67 -> 2721 | V67: =SUM(R67:U67) -> 56081 | W67: =V67/V55-1 -> 0.086335813
B68: =EOMONTH(B67,1) -> 42521 | J68: =Walkerhill!K68 -> 213551.24 | K68: =City!K68 -> 68516 | L68: =Busan!K68 -> 76457 | M68: =Jeju!K68 -> 52919.97 | N68: =SUM(J68:M68) -> 411444.21 | O68: =N68/N56-1 -> -0.18526123 | P68: =Segment!K68 -> 0.13741596 | R68: =Walkerhill!P68 -> 35290 | S68: =City!P68 -> 12220 | T68: =Busan!P68 -> 6444 | U68: =Jeju!P68 -> 5765 | V68: =SUM(R68:U68) -> 59719 | W68: =V68/V56-1 -> -0.14470876
B69: =EOMONTH(B68,1) -> 42551 | J69: =Walkerhill!K69 -> 209460.79 | K69: =City!K69 -> 46319 | L69: =Busan!K69 -> 69773.092 | M69: =Jeju!K69 -> 46917.985 | N69: =SUM(J69:M69) -> 372470.87 | O69: =N69/N57-1 -> 0.4890875 | P69: =Segment!K69 -> 0.12852549 | R69: =Walkerhill!P69 -> 32488 | S69: =City!P69 -> 6396 | T69: =Busan!P69 -> 7557 | U69: =Jeju!P69 -> 4502 | V69: =SUM(R69:U69) -> 50943 | W69: =V69/V57-1 -> 1.2022739
B70: =EOMONTH(B69,1) -> 42582 | J70: =Walkerhill!K70 -> 195491.67 | K70: =City!K70 -> 79467 | L70: =Busan!K70 -> 66682.154 | M70: =Jeju!K70 -> 60643 | N70: =SUM(J70:M70) -> 402283.83 | O70: =N70/N58-1 -> 0.50043485 | P70: =Segment!K70 -> 0.11352681 | R70: =Walkerhill!P70 -> 27320 | S70: =City!P70 -> 6947 | T70: =Busan!P70 -> 10174 | U70: =Jeju!P70 -> 4686 | V70: =SUM(R70:U70) -> 49127 | W70: =V70/V58-1 -> 0.45195803
B71: =EOMONTH(B70,1) -> 42613 | J71: =Walkerhill!K71 -> 190897.29 | K71: =City!K71 -> 68597 | L71: =Busan!K71 -> 71649.83 | M71: =Jeju!K71 -> 48527 | N71: =SUM(J71:M71) -> 379671.11 | O71: =N71/N59-1 -> -0.050121711 | P71: =Segment!K71 -> 0.1462845 | R71: =Walkerhill!P71 -> 28622 | S71: =City!P71 -> 11208 | T71: =Busan!P71 -> 13183 | U71: =Jeju!P71 -> 4966 | V71: =SUM(R71:U71) -> 57979 | W71: =V71/V59-1 -> 0.1911943
B72: =EOMONTH(B71,1) -> 42643 | J72: =Walkerhill!K72 -> 188749.74 | K72: =City!K72 -> 85178 | L72: =Busan!K72 -> 78597.926 | M72: =Jeju!K72 -> 37095 | N72: =SUM(J72:M72) -> 389620.66 | O72: =N72/N60-1 -> 0.045630534 | P72: =Segment!K72 -> 0.096930178 | R72: =Walkerhill!P72 -> 19050 | S72: =City!P72 -> 5083 | T72: =Busan!P72 -> 10234 | U72: =Jeju!P72 -> 6410 | V72: =SUM(R72:U72) -> 40777 | W72: =V72/V60-1 -> 0.16515701
B73: =EOMONTH(B72,1) -> 42674 | J73: =Walkerhill!K73 -> 230260.21 | K73: =City!K73 -> 79697 | L73: =Busan!K73 -> 89043.554 | M73: =Jeju!K73 -> 42312 | N73: =SUM(J73:M73) -> 441312.76 | O73: =N73/N61-1 -> -0.006220573 | P73: =Segment!K73 -> 0.11495022 | R73: =Walkerhill!P73 -> 31607 | S73: =City!P73 -> 8072 | T73: =Busan!P73 -> 8489 | U73: =Jeju!P73 -> 5891 | V73: =SUM(R73:U73) -> 54059 | W73: =V73/V61-1 -> -0.19466377
... B87: =EOMONTH(B86,1) -> 43100 | J87: =Walkerhill!K87 -> 204070.35 | K87: =City!K87 -> 159463 | L87: =Busan!K87 -> 47552 | M87: =Jeju!K87 -> 9858.49 | N87: =SUM(J87:M87) -> 420943.84 | O87: =N87/N75-1 -> 0.030683534 | P87: =Segment!K87 -> 0.11553085 | R87: =Walkerhill!P87 -> 24510 | S87: =City!P87 -> 23101 | T87: =Busan!P87 -> 2823 | U87: =Jeju!P87 -> 788 | V87: =SUM(R87:U87) -> 51222 | W87: =V87/V75-1 -> 0.15440265
B88: =EOMONTH(B87,1) -> 43131 | C88: =Walkerhill!C88 -> 11919 | D88: =City!C88 -> 129542 | E88: =Busan!C88 -> 0 | F88: =Jeju!C88 -> 0 | G88: =SUM(C88:F88) -> 141461 | I88: =Segment!E88 -> 0.0042414517 | J88: =Walkerhill!K88 -> 217448.51 | K88: =City!K88 -> 140477.51 | L88: =Busan!K88 -> 54229.255 | M88: =Jeju!K88 -> 12723.3 | N88: =SUM(J88:M88) -> 424878.57 | O88: =N88/N76-1 -> -0.0044846515 | P88: =Segment!K88 -> 0.11913051 | R88: =Walkerhill!P88 -> 28427 | S88: =City!P88 -> 21437 | T88: =Busan!P88 -> 3402 | U88: =Jeju!P88 -> 432 | V88: =SUM(R88:U88) -> 53698 | W88: =V88/V76-1 -> 0.23392619
B89: =EOMONTH(B88,1) -> 43159 | C89: =Walkerhill!C89 -> 54644 | D89: =City!C89 -> 114433 | E89: =Busan!C89 -> 0 | F89: =Jeju!C89 -> 0 | G89: =SUM(C89:F89) -> 169077 | I89: =Segment!E89 -> 0.021871692 | J89: =Walkerhill!K89 -> 187044.65 | K89: =City!K89 -> 147791.8 | L89: =Busan!K89 -> 53227.443 | M89: =Jeju!K89 -> 16457.19 | N89: =SUM(J89:M89) -> 404521.09 | O89: =N89/N77-1 -> 0.063809705 | P89: =Segment!K89 -> 0.097139559 | R89: =Walkerhill!P89 -> 19581 | S89: =City!P89 -> 17244 | T89: =Busan!P89 -> 3852 | U89: =Jeju!P89 -> 2785 | V89: =SUM(R89:U89) -> 43462 | W89: =V89/V77-1 -> 0.03122479
B90: =EOMONTH(B89,1) -> 43190 | C90: =Walkerhill!C90 -> 29797 | D90: =City!C90 -> 72516 | E90: =Busan!C90 -> 0 | F90: =Jeju!C90 -> 0 | G90: =SUM(C90:F90) -> 102313 | I90: =Segment!E90 -> 0.036241729 | J90: =Walkerhill!K90 -> 243891.02 | K90: =City!K90 -> 168063.76 | L90: =Busan!K90 -> 63329.169 | M90: =Jeju!K90 -> 12741.47 | N90: =SUM(J90:M90) -> 488025.42 | O90: =N90/N78-1 -> 0.24521417 | P90: =Segment!K90 -> 0.09601549 | R90: =Walkerhill!P90 -> 28000 | S90: =City!P90 -> 16976 | T90: =Busan!P90 -> 4152 | U90: =Jeju!P90 -> 1941 | V90: =SUM(R90:U90) -> 51069 | W90: =V90/V78-1 -> 0.31063775
B91: =EOMONTH(B90,1) -> 43220 | C91: =Walkerhill!C91 -> 6244 | D91: =City!C91 -> 190808 | E91: =Busan!C91 -> 0 | F91: =Jeju!C91 -> 0 | G91: =SUM(C91:F91) -> 197052 | I91: =Segment!E91 -> 0.045064247 | J91: =Walkerhill!K91 -> 186408.55 | K91: =City!K91 -> 166241.48 | L91: =Busan!K91 -> 79566.053 | M91: =Jeju!K91 -> 16037.56 | N91: =SUM(J91:M91) -> 448253.65 | O91: =N91/N79-1 -> 0.2713145 | P91: =Segment!K91 -> 0.072677602 | R91: =Walkerhill!P91 -> 20758 | S91: =City!P91 -> 10450 | T91: =Busan!P91 -> 6186 | U91: =Jeju!P91 -> 817 | V91: =SUM(R91:U91) -> 38211 | W91: =V91/V79-1 -> -0.011844113
B92: =EOMONTH(B91,1) -> 43251 | C92: =Walkerhill!C92 -> 20154 | D92: =City!C92 -> 182989 | E92: =Busan!C92 -> 0 | F92: =Jeju!C92 -> 0 | G92: =SUM(C92:F92) -> 203143 | I92: =Segment!E92 -> -0.010795351 | J92: =Walkerhill!K92 -> 208690.68 | K92: =City!K92 -> 165697.39 | L92: =Busan!K92 -> 74360.792 | M92: =Jeju!K92 -> 14874.54 | N92: =SUM(J92:M92) -> 463623.4 | O92: =N92/N80-1 -> 0.16601704 | P92: =Segment!K92 -> 0.10808126 | R92: =Walkerhill!P92 -> 26245 | S92: =City!P92 -> 15636 | T92: =Busan!P92 -> 8133 | U92: =Jeju!P92 -> 1832 | V92: =SUM(R92:U92) -> 51846 | W92: =V92/V80-1 -> 0.24894007
B93: =EOMONTH(B92,1) -> 43281 | C93: =Walkerhill!C93 -> 37470 | D93: =City!C93 -> 69069 | E93: =Busan!C93 -> 0 | F93: =Jeju!C93 -> 0 | G93: =SUM(C93:F93) -> 106539 | I93: =Segment!E93 -> 0.05722787 | J93: =Walkerhill!K93 -> 184563.28 | K93: =City!K93 -> 174450.68 | L93: =Busan!K93 -> 58253.266 | M93: =Jeju!K93 -> 16957.56 | N93: =SUM(J93:M93) -> 434224.78 | O93: =N93/N81-1 -> 0.16408907 | P93: =Segment!K93 -> 0.11986419 | R93: =Walkerhill!P93 -> 22640 | S93: =City!P93 -> 27369 | T93: =Busan!P93 -> 5730 | U93: =Jeju!P93 -> 1150 | V93: =SUM(R93:U93) -> 56889 | W93: =V93/V81-1 -> 0.63907456
B94: =EOMONTH(B93,1) -> 43312 | C94: =Walkerhill!C94 -> 52141 | D94: =City!C94 -> 131253 | E94: =Busan!C94 -> 0 | F94: =Jeju!C94 -> 0 | G94: =SUM(C94:F94) -> 183394 | I94: =Segment!E94 -> 0.040110363 | J94: =Walkerhill!K94 -> 171623.76 | K94: =City!K94 -> 176511 | L94: =Busan!K94 -> 67161.529 | M94: =Jeju!K94 -> 25460.15 | N94: =SUM(J94:M94) -> 440756.45 | O94: =N94/N82-1 -> -0.076209259 | P94: =Segment!K94 -> 0.12699531 | R94: =Walkerhill!P94 -> 26677 | S94: =City!P94 -> 26182 | T94: =Busan!P94 -> 6132 | U94: =Jeju!P94 -> 3282 | V94: =SUM(R94:U94) -> 62273 | W94: =V94/V82-1 -> 0.23609043
B95: =EOMONTH(B94,1) -> 43343 | C95: =Walkerhill!C95 -> 15475 | D95: =City!C95 -> 119291 | E95: =Busan!C95 -> 0 | F95: =Jeju!C95 -> 0 | G95: =SUM(C95:F95) -> 134766 | I95: =Segment!E95 -> 0.02206046 | J95: =Walkerhill!K95 -> 199672.47 | K95: =City!K95 -> 191388.63 | L95: =Busan!K95 -> 74675.506 | M95: =Jeju!K95 -> 18424.89 | N95: =SUM(J95:M95) -> 484161.5 | O95: =N95/N83-1 -> 0.02479635 | P95: =Segment!K95 -> 0.096790018 | R95: =Walkerhill!P95 -> 21651 | S95: =City!P95 -> 18284 | T95: =Busan!P95 -> 8158 | U95: =Jeju!P95 -> 2797 | V95: =SUM(R95:U95) -> 50890 | W95: =V95/V83-1 -> -0.033373222
B96: =EOMONTH(B95,1) -> 43373 | C96: =Walkerhill!C96 -> 3420 | D96: =City!C96 -> 58498 | E96: =Busan!C96 -> 0 | F96: =Jeju!C96 -> 0 | G96: =SUM(C96:F96) -> 61918 | I96: =Segment!E96 -> 0.012661908 | J96: =Walkerhill!K96 -> 180989.26 | K96: =City!K96 -> 196624.14 | L96: =Busan!K96 -> 71166.456 | M96: =Jeju!K96 -> 23799.38 | N96: =SUM(J96:M96) -> 472579.24 | O96: =N96/N84-1 -> 0.023534438 | P96: =Segment!K96 -> 0.10251402 | R96: =Walkerhill!P96 -> 20220 | S96: =City!P96 -> 23191 | T96: =Busan!P96 -> 6086 | U96: =Jeju!P96 -> 2085 | V96: =SUM(R96:U96) -> 51582 | W96: =V96/V84-1 -> -0.018775324
B97: =EOMONTH(B96,1) -> 43404 | C97: =Walkerhill!C97 -> 44977 | D97: =City!C97 -> 627796 | E97: =Busan!C97 -> 0 | F97: =Jeju!C97 -> 0 | G97: =SUM(C97:F97) -> 672773 | I97: =Segment!E97 -> 0.01301925 | J97: =Walkerhill!K97 -> 218876.51 | K97: =City!K97 -> 201907.02 | L97: =Busan!K97 -> 83093.337 | M97: =Jeju!K97 -> 29957.54 | N97: =SUM(J97:M97) -> 533834.41 | O97: =N97/N85-1 -> 0.091776728 | P97: =Segment!K97 -> 0.12726044 | R97: =Walkerhill!P97 -> 35843 | S97: =City!P97 -> 26091 | T97: =Busan!P97 -> 5757 | U97: =Jeju!P97 -> 2419 | V97: =SUM(R97:U97) -> 70110 | W97: =V97/V85-1 -> 0.3837409
B98: =EOMONTH(B97,1) -> 43434 | C98: =Walkerhill!C98 -> 28740 | D98: =City!C98 -> 64311 | E98: =Busan!C98 -> 0 | F98: =Jeju!C98 -> 0 | G98: =SUM(C98:F98) -> 93051 | I98: =Segment!E98 -> -0.0039010865 | J98: =Walkerhill!K98 -> 184341.24 | K98: =City!K98 -> 225903.23 | L98: =Busan!K98 -> 59173.116 | M98: =Jeju!K98 -> 21745.04 | N98: =SUM(J98:M98) -> 491162.63 | O98: =N98/N86-1 -> 0.13641524 | P98: =Segment!K98 -> 0.097277352 | R98: =Walkerhill!P98 -> 20664 | S98: =City!P98 -> 24070 | T98: =Busan!P98 -> 3830 | U98: =Jeju!P98 -> 2582 | V98: =SUM(R98:U98) -> 51146 | W98: =V98/V86-1 -> -0.05792857
B99: =EOMONTH(B98,1) -> 43465 | C99: =Walkerhill!C99 -> 141590 | D99: =City!C99 -> 92503 | E99: =Busan!C99 -> 0 | F99: =Jeju!C99 -> 0 | G99: =SUM(C99:F99) -> 234093 | I99: =Segment!E99 -> 0.026959371 | J99: =Walkerhill!K99 -> 205433.15 | K99: =City!K99 -> 201163.38 | L99: =Busan!K99 -> 66954.103 | M99: =Jeju!K99 -> 16274.66 | N99: =SUM(J99:M99) -> 489825.29 | O99: =N99/N87-1 -> 0.16363573 | P99: =Segment!K99 -> 0.10282646 | R99: =Walkerhill!P99 -> 24278 | S99: =City!P99 -> 21636 | T99: =Busan!P99 -> 6541 | U99: =Jeju!P99 -> 2411 | V99: =SUM(R99:U99) -> 54866 | W99: =V99/V87-1 -> 0.071141306
B100: =EOMONTH(B99,1) -> 43496 | C100: 24153 | D100: 137081 | E100: 0 | F100: 0 | G100: =SUM(C100:F100) -> 161234 | H100: =G100/G88-1 -> 0.13977704 | I100: 0.0249141 | J100: 219108.23 | K100: 209428.24 | L100: 68205.073 | M100: 27975.22 | N100: =SUM(J100:M100) -> 524716.77 | O100: =N100/N88-1 -> 0.23498053 | P100: 0.097791806 | R100: 23763 | S100: 27701 | T100: 3678 | U100: 961 | V100: =SUM(R100:U100) -> 56103 | W100: =V100/V88-1 -> 0.044787515
B101: =EOMONTH(B100,1) -> 43524 | C101: 56596 | D101: 106099 | E101: 0 | F101: 0 | G101: =SUM(C101:F101) -> 162695 | H101: =G101/G89-1 -> -0.037746116 | I101: 0.0027105934 | J101: 213738.16 | K101: 184104.19 | L101: 70846.62 | M101: 26000.269 | N101: =SUM(J101:M101) -> 494689.24 | O101: =N101/N89-1 -> 0.22290099 | P101: 0.10497297 | R101: 22975 | S101: 24643 | T101: 4605 | U101: 3135 | V101: =SUM(R101:U101) -> 55358 | W101: =V101/V89-1 -> 0.27371037
B102: =EOMONTH(B101,1) -> 43555 | C102: 25184 | D102: 192191 | E102: 0 | F102: 0 | G102: =SUM(C102:F102) -> 217375 | H102: =G102/G90-1 -> 1.1246078 | I102: -0.0023047729 | J102: 226081.64 | K102: 197741.93 | L102: 68731.636 | M102: 19797.97 | N102: =SUM(J102:M102) -> 512353.18 | O102: =N102/N90-1 -> 0.049849371 | P102: 0.095496626 | R102: 20490 | S102: 22433 | T102: 4776 | U102: 2238 | V102: =SUM(R102:U102) -> 49937 | W102: =V102/V90-1 -> -0.022166089
B103: =EOMONTH(B102,1) -> 43585 | C103: 13138 | D103: 105820 | E103: 0 | F103: 0 | G103: =SUM(C103:F103) -> 118958 | H103: =G103/G91-1 -> -0.39631163 | I103: 0.035827771 | J103: 253275.58 | K103: 228547.5 | L103: 76711.71 | M103: 33958.58 | N103: =SUM(J103:M103) -> 592493.36 | O103: =N103/N91-1 -> 0.32178147 | P103: 0.088208583 | R103: 25565 | S103: 21121 | T103: 8197 | U103: 2249 | V103: =SUM(R103:U103) -> 57132 | W103: =V103/V91-1 -> 0.49517155
B104: =EOMONTH(B103,1) -> 43616 | C104: 6723 | D104: 306333 | E104: 0 | F104: 0 | G104: =SUM(C104:F104) -> 313056 | H104: =G104/G92-1 -> 0.54106221 | I104: 0.042557881 | J104: 213276.95 | K104: 261236.58 | L104: 75264.665 | M104: 35042.96 | N104: =SUM(J104:M104) -> 584821.16 | O104: =N104/N92-1 -> 0.26141423 | P104: 0.09077989 | R104: 23938 | S104: 26710 | T104: 7584 | U104: 2848 | V104: =SUM(R104:U104) -> 61080 | W104: =V104/V92-1 -> 0.17810439
B105: =EOMONTH(B104,1) -> 43646 | C105: 34067 | D105: 275378 | E105: 0 | F105: 0 | G105: =SUM(C105:F105) -> 309445 | H105: =G105/G93-1 -> 1.9045232 | I105: 0.072646189 | J105: 236596.07 | K105: 225762.86 | L105: 68087.456 | M105: 49618.44 | N105: =SUM(J105:M105) -> 580064.83 | O105: =N105/N93-1 -> 0.33586303 | P105: 0.10447625 | R105: 22920 | S105: 38519 | T105: 6526 | U105: 3908 | V105: =SUM(R105:U105) -> 71873 | W105: =V105/V93-1 -> 0.26339011
B106: =EOMONTH(B105,1) -> 43677 | C106: 1023 | D106: 187201 | E106: 0 | F106: 0 | G106: =SUM(C106:F106) -> 188224 | H106: =G106/G94-1 -> 0.026336739 | I106: 0.012357616 | J106: 225097.37 | K106: 220567.51 | L106: 58776.277 | M106: 33188.05 | N106: =SUM(J106:M106) -> 537629.21 | O106: =N106/N94-1 -> 0.2197875 | P106: 0.1304319 | R106: 29194 | S106: 32733 | T106: 7099 | U106: 4662 | V106: =SUM(R106:U106) -> 73688 | W106: =V106/V94-1 -> 0.18330577
B107: =EOMONTH(B106,1) -> 43708 | C107: 16790 | D107: 163752 | E107: 0 | F107: 0 | G107: =SUM(C107:F107) -> 180542 | H107: =G107/G95-1 -> 0.33967024 | I107: 0.055100752 | J107: 215655.23 | K107: 262687.93 | L107: 80021.38 | M107: 40195.78 | N107: =SUM(J107:M107) -> 598560.32 | O107: =N107/N95-1 -> 0.23628235 | P107: 0.10372221 | R107: 19391 | S107: 36035 | T107: 9222 | U107: 4435 | V107: =SUM(R107:U107) -> 69083 | W107: =V107/V95-1 -> 0.35749656
B108: =EOMONTH(B107,1) -> 43738 | C108: 32242 | D108: 189723 | E108: 63901 | F108: 0 | G108: =SUM(C108:F108) -> 285866 | H108: =G108/G96-1 -> 3.6168481 | I108: 0.02941588 | J108: 198441.16 | K108: 231235.88 | L108: 51999.217 | M108: 26891.81 | N108: =SUM(J108:M108) -> 508568.06 | O108: =N108/N96-1 -> 0.076154039 | P108: 0.1328888 | R108: 25140 | S108: 39108 | T108: 5616 | U108: 3045 | V108: =SUM(R108:U108) -> 72909 | W108: =V108/V96-1 -> 0.41345818
B109: =EOMONTH(B108,1) -> 43769 | C109: 50605 | D109: 240421 | E109: 18208 | F109: 0 | G109: =SUM(C109:F109) -> 309234 | H109: =G109/G97-1 -> -0.54035908 | I109: 0.023972138 | J109: 212222.85 | K109: 226923.04 | L109: 74158.147 | M109: 38875.04 | N109: =SUM(J109:M109) -> 552179.08 | O109: =N109/N97-1 -> 0.034363967 | P109: 0.13635794 | R109: 31120 | S109: 36817 | T109: 7904 | U109: 4722 | V109: =SUM(R109:U109) -> 80563 | W109: =V109/V97-1 -> 0.14909428
B110: =EOMONTH(B109,1) -> 43799 | C110: 62691 | D110: 190263 | E110: 65830 | F110: 0 | G110: =SUM(C110:F110) -> 318784 | H110: =G110/G98-1 -> 2.4259062 | I110: 0.023806088 | J110: 182889.85 | K110: 204602.91 | L110: 70793.318 | M110: 29662.08 | N110: =SUM(J110:M110) -> 487948.16 | O110: =N110/N98-1 -> -0.0065446103 | P110: 0.12594371 | R110: 24526 | S110: 30904 | T110: 7845 | U110: 3433 | V110: =SUM(R110:U110) -> 66708 | W110: =V110/V98-1 -> 0.30426622
B111: =EOMONTH(B110,1) -> 43830 | C111: 22819 | D111: 226320 | E111: 8187 | F111: 0 | G111: =SUM(C111:F111) -> 257326 | H111: =G111/G99-1 -> 0.099246881 | I111: 0.047779859 | J111: 184794.57 | K111: 216325.65 | L111: 49584.216 | M111: 28549.22 | N111: =SUM(J111:M111) -> 479253.66 | O111: =N111/N99-1 -> -0.02158246 | P111: 0.13084094 | R111: 21203 | S111: 38865 | T111: 4817 | U111: 4743 | V111: =SUM(R111:U111) -> 69628 | W111: =V111/V99-1 -> 0.26905552
... B123: =EOMONTH(B122,1) -> 44196 | C123: 0 | D123: 547 | E123: 0 | F123: 0 | G123: =SUM(C123:F123) -> 547 | H123: =G123/G111-1 -> -0.99787429 | I123: 0.28702011 | J123: 86417.871 | K123: 55499.179 | L123: 8275.924 | M123: 1749.15 | N123: =SUM(J123:M123) -> 151942.12 | O123: =N123/N111-1 -> -0.68296095 | P123: 0.27216284 | R123: 31613 | S123: 9120 | T123: 1844 | U123: 222 | V123: =SUM(R123:U123) -> 42799 | W123: =V123/V111-1 -> -0.38531912
B124: 44227 | C124: 76660 | D124: 1260 | E124: 0 | F124: 0 | G124: 77920 | H124: -0.46561692 | I124: 0.067055955 | J124: 51841.562 | K124: 60975.935 | L124: 9933.406 | M124: 4152.75 | N124: 126903.65 | O124: -0.76512814 | P124: 0.18575509 | R124: 15787 | S124: 9191 | T124: 1850 | U124: 538 | V124: 27366 | W124: -0.61664752
B125: 44255 | C125: 0 | D125: 3016 | E125: 0 | F125: 0 | G125: 3016 | H125: -0.98828155 | I125: -0.53083554 | J125: 59399.089 | K125: 42416.802 | L125: 8792.383 | M125: 4776.49 | N125: 115384.76 | O125: -0.7664459 | P125: 0.14613715 | R125: 8874 | S125: 7272 | T125: 1417 | U125: 540 | V125: 18103 | W125: -0.71721132
B126: 44286 | C126: 0 | D126: 48105 | E126: 0 | F126: 0 | G126: 48105 | H126: 0.15105762 | I126: 0.15969234 | J126: 70618.677 | K126: 49400.367 | L126: 10811.111 | M126: 4229.4 | N126: 135059.55 | O126: 0.047942869 | P126: 0.12786211 | R126: 6766 | S126: 13737 | T126: 1783 | U126: 310 | V126: 22596 | W126: 0.1989176
B127: 44316 | C127: 0 | D127: 213 | E127: 0 | F127: 0 | G127: 213 | H127: -0.54094828 | I127: 0.089201878 | J127: 104352.17 | K127: 48772.159 | L127: 8319.174 | M127: 4186.03 | N127: 165629.54 | O127: 1.9161808 | P127: 0.079931395 | R127: 8092 | S127: 5366 | T127: 970 | U127: 599 | V127: 15027 | W127: 0.88852583
B128: 44347 | C128: 0 | D128: 1305 | E128: 0 | F128: 0 | G128: 1305 | H128: -0.34651978 | I128: -0.019157088 | J128: 77593.814 | K128: 39680.385 | L128: 11010.668 | M128: 7817.56 | N128: 136102.43 | O128: -0.27053672 | P128: 0.085935279 | R128: 6795 | S128: 5064 | T128: 2001 | U128: -278 | V128: 13582 | W128: -0.54370759
B129: 44377 | C129: 0 | D129: 108 | E129: 0 | F129: 0 | G129: 108 | H129: -0.95847751 | I129: 0.2037037 | J129: 111276.89 | K129: 64247.122 | L129: 8558.075 | M129: 10688.19 | N129: 194770.27 | O129: 0.63191489 | P129: 0.070503572 | R129: 11012 | S129: 3494 | T129: 1307 | U129: 79 | V129: 15892 | W129: 0.14942861
B130: 44408 | C130: 0 | D130: 3030 | E130: 0 | F130: 0 | G130: 3030 | H130: -0.13944902 | I130: 0.05709571 | J130: 93275.632 | K130: 32523.736 | L130: 12500.446 | M130: 5343.99 | N130: 143643.8 | O130: 0.12968548 | P130: 0.03420962 | R130: 760 | S130: 4347 | T130: 1636 | U130: 157 | V130: 6900 | W130: -0.60260324
B131: 44439 | C131: 0 | D131: 3483 | E131: 0 | F131: 0 | G131: 3483 | H131: -0.17130621 | I131: -0.19150158 | J131: 106302.78 | K131: 63741.644 | L131: 8012.607 | M131: 5548.2 | N131: 183605.23 | O131: 0.48784739 | P131: 0.31609121 | R131: 39260 | S131: 19802 | T131: 1119 | U131: -493 | V131: 59688 | W131: 2.4517696
B132: 44469 | C132: 0 | D132: 184 | E132: 0 | F132: 0 | G132: 184 | H132: -0.37627119 | I132: 0.43478261 | J132: 64836.892 | K132: 25947.82 | L132: 7840.178 | M132: 3647.48 | N132: 102272.37 | O132: -0.24788234 | P132: 0.075562931 | R132: 1241 | S132: 6970 | T132: 1432 | U132: -157 | V132: 9486 | W132: -0.53915663
B133: 44500 | C133: 0 | D133: 915 | E133: 0 | F133: 0 | G133: 915 | H133: 0.20394737 | I133: 0.073224044 | J133: 75513.226 | K133: 21866.864 | L133: 9969.375 | M133: 1354.85 | N133: 108704.32 | O133: -0.13409591 | P133: 0.18027803 | R133: 15746 | S133: 3983 | T133: 1512 | U133: 82 | V133: 21323 | W133: -0.046164169
B134: 44530 | C134: 0 | D134: 0 | E134: 0 | F134: 0 | G134: 0 | H134: 0 | I134: 0 | J134: 103383.82 | K134: 25788.969 | L134: 6375.61 | M134: 2599.36 | N134: 138147.76 | O134: -0.010551268 | P134: 0.056866648 | R134: 5354 | S134: 3026 | T134: 868 | U134: 371 | V134: 9619 | W134: -0.016763774
B135: 44561 | C135: 3018 | D135: 0 | E135: 0 | F135: 0 | G135: 3018 | H135: 4.5173675 | I135: 0.0026507621 | J135: 125557.19 | K135: 24881.591 | L135: 8009.982 | M135: 1396.43 | N135: 159845.19 | O135: 0.052013686 | P135: 0.1770463 | R135: 24257 | S135: 4448 | T135: 1491 | U135: 181 | V135: 30377 | W135: -0.29024043
... B174: 45744 | C174: 0 | D174: 0 | E174: 0 | F174: 0 | G174: 0 | H174: 0 | I174: 0 | J174: 242820 | K174: 290088 | L174: 39557 | M174: 16607 | N174: 589072 | O174: 0.042 | P174: 0.132 | R174: 37466 | S174: 36708 | T174: 4355 | U174: 3392 | V174: 81921 | W174: 0.535
B175: 45775 | J175: 216184 | K175: 334748 | L175: 42232 | M175: 16302 | N175: 609466 | O175: 0.076 | P175: 0.104 | R175: 24500 | S175: 39094 | T175: 1504 | U175: 2136 | V175: 67234 | W175: -0.175
B176: 45805 | J176: 242292 | K176: 339586 | L176: 48680 | M176: 13670 | N176: 644228 | O176: 0.064 | P176: 0.12 | R176: 29416 | S176: 46668 | T176: 4910 | U176: 755 | V176: 81749 | W176: 0.088
B177: 45836 | J177: 205900 | K177: 322110 | L177: 39618 | M177: 13724 | N177: 581352 | O177: 0.093 | P177: 0.131 | R177: 31811 | S177: 42434 | T177: 4277 | U177: 2280 | V177: 80802 | W177: 0.397
B178: 45866 | J178: 198609 | K178: 329776 | L178: 41932 | M178: 13609 | N178: 583926 | O178: 0.077 | P178: 0.121 | R178: 29433 | S178: 40321 | T178: 3594 | U178: 1853 | V178: 75202 | W178: 0.221
B179: 45894 | J179: 220714 | K179: 364764 | L179: 56265 | M179: 14570 | N179: 656312 | O179: -0.017 | P179: 0.114 | R179: 29294 | S179: 45291 | T179: 4506 | U179: 300 | V179: 79391 | W179: 0.102
B180: 45925 | J180: 204893 | K180: 309988 | L180: 37235 | M180: 15575 | N180: 567691 | O180: 0.007 | P180: 0.102 | R180: 24706 | S180: 31364 | T180: 5314 | U180: 1686 | V180: 63071 | W180: 0.028
B181: 45955 | J181: 232962 | K181: 308987 | L181: 44864 | M181: 22658 | N181: 609470 | O181: 0.124 | P181: 0.11113506 | R181: 21199 | S181: 43660 | T181: 5530 | U181: 2214 | V181: 72603 | W181: 0.169
B182: 45986 | J182: 223327 | K182: 297639 | L182: 62204 | M182: 17553 | N182: 600723 | O182: 0.038 | P182: 0.12669561 | R182: 26110.142 | S182: 42321.343 | T182: 9945.4704 | U182: 1710.5556 | V182: 80087.511 | W182: 0.1130058
B183: 46016 | J183: 216237 | K183: 334079 | L183: 39892 | M183: 12140 | N183: 602348 | O183: 0.114 | P183: 0.11423988 | R183: 29583.27 | S183: 38371.578 | T183: 4831.9576 | U183: 1608.0939 | V183: 74394.9 | W183: 0.060917856
B184: =EOMONTH(B183,1) -> 46053 | J184: 228373.48 | K184: 327870.61 | L184: 58719.685 | M184: 17636.124 | N184: 632599.9 | O184: 0.091734622 | P184: 0.13708311 | R184: 29401.427 | S184: 51770.589 | T184: 8445.24 | U184: 2079 | V184: 91696.256 | W184: 0.27800182
B185: =EOMONTH(B184,1) -> 46081 | J185: 190070.46 | K185: 273514.78 | L185: 56939.577 | M185: 15062.76 | N185: 535587.58 | O185: 0.018779002 | P185: 0.15866758 | R185: 29828.576 | S185: 40029.664 | T185: 16690.836 | U185: 2960 | V185: 89509.075 | W185: 0.24329291
B186: Quarterly
B187: 1Q11 | J187: =SUM(J7:J9) -> 560070 | K187: =SUM(K7:K9) -> 225204 | L187: =SUM(L7:L9) -> 155978.66 | M187: =SUM(M7:M9) -> 54530 | N187: =SUM(N7:N9) -> 995782.66 | P187: =Segment!K190 -> 0.12959162 | R187: =SUM(R7:R9) -> 77814 | S187: =SUM(S7:S9) -> 14504 | T187: =SUM(T7:T9) -> 13974 | U187: =SUM(U7:U9) -> 4875 | V187: =SUM(V7:V9) -> 111167
B188: 2Q11 | J188: =SUM(J10:J12) -> 605297 | K188: =SUM(K10:K12) -> 211226 | L188: =SUM(L10:L12) -> 163185.12 | M188: =SUM(M10:M12) -> 81216.7 | N188: =SUM(N10:N12) -> 1060924.8 | P188: =Segment!K191 -> 0.1292245 | R188: =SUM(R10:R12) -> 76856 | S188: =SUM(S10:S12) -> 22470 | T188: =SUM(T10:T12) -> 20974 | U188: =SUM(U10:U12) -> 6872 | V188: =SUM(V10:V12) -> 127172
B189: 3Q11 | J189: =SUM(J13:J15) -> 679967 | K189: =SUM(K13:K15) -> 183697 | L189: =SUM(L13:L15) -> 189348.12 | M189: =SUM(M13:M15) -> 110689.7 | N189: =SUM(N13:N15) -> 1163701.8 | P189: =Segment!K192 -> 0.12252342 | R189: =SUM(R13:R15) -> 104954 | S189: =SUM(S13:S15) -> 20935 | T189: =SUM(T13:T15) -> 24038 | U189: =SUM(U13:U15) -> 8151 | V189: =SUM(V13:V15) -> 158078
B190: 4Q11 | J190: =SUM(J16:J18) -> 641007 | K190: =SUM(K16:K18) -> 180763 | L190: =SUM(L16:L18) -> 155763.54 | M190: =SUM(M16:M18) -> 122374 | N190: =SUM(N16:N18) -> 1099907.5 | P190: =Segment!K193 -> 0.11604872 | R190: =SUM(R16:R18) -> 97518 | S190: =SUM(S16:S18) -> 21167 | T190: =SUM(T16:T18) -> 22080 | U190: =SUM(U16:U18) -> 8359 | V190: =SUM(V16:V18) -> 149124
B191: 1Q12 | J191: =SUM(J19:J21) -> 671564 | K191: =SUM(K19:K21) -> 161070 | L191: =SUM(L19:L21) -> 192475.73 | M191: =SUM(M19:M21) -> 102691 | N191: =SUM(N19:N21) -> 1127800.7 | O191: =N191/N187-1 -> 0.13257719 | P191: =Segment!K194 -> 0.095700675 | R191: =SUM(R19:R21) -> 97800 | S191: =SUM(S19:S21) -> 18416 | T191: =SUM(T19:T21) -> 21792 | U191: =SUM(U19:U21) -> 8773 | V191: =SUM(V19:V21) -> 146781 | W191: =V191/V187-1 -> 0.32036486
B192: 2Q12 | J192: =SUM(J22:J24) -> 674434 | K192: =SUM(K22:K24) -> 222436 | L192: =SUM(L22:L24) -> 179162.25 | M192: =SUM(M22:M24) -> 114174.8 | N192: =SUM(N22:N24) -> 1190207 | O192: =N192/N188-1 -> 0.12185805 | P192: =Segment!K195 -> 0.12090335 | R192: =SUM(R22:R24) -> 96484 | S192: =SUM(S22:S24) -> 17940 | T192: =SUM(T22:T24) -> 21586 | U192: =SUM(U22:U24) -> 10323 | V192: =SUM(V22:V24) -> 146333 | W192: =V192/V188-1 -> 0.15066996
B193: 3Q12 | J193: =SUM(J25:J27) -> 699796 | K193: =SUM(K25:K27) -> 251422 | L193: =SUM(L25:L27) -> 178934.48 | M193: =SUM(M25:M27) -> 119985 | N193: =SUM(N25:N27) -> 1250137.5 | O193: =N193/N189-1 -> 0.07427646 | P193: =Segment!K196 -> 0.11964755 | R193: =SUM(R25:R27) -> 81352 | S193: =SUM(S25:S27) -> 20518 | T193: =SUM(T25:T27) -> 15804 | U193: =SUM(U25:U27) -> 9627 | V193: =SUM(V25:V27) -> 127301 | W193: =V193/V189-1 -> -0.19469502
B194: 4Q12 | J194: =SUM(J28:J30) -> 698331 | K194: =SUM(K28:K30) -> 254815 | L194: =SUM(L28:L30) -> 180675.64 | M194: =SUM(M28:M30) -> 156453 | N194: =SUM(N28:N30) -> 1290274.6 | O194: =N194/N190-1 -> 0.17307554 | P194: =Segment!K197 -> 0.10524986 | R194: =SUM(R28:R30) -> 106591 | S194: =SUM(S28:S30) -> 23693 | T194: =SUM(T28:T30) -> 19893.726 | U194: =SUM(U28:U30) -> 14101 | V194: =SUM(V28:V30) -> 164278.73 | W194: =V194/V190-1 -> 0.101625
B195: 1Q13 | J195: =SUM(J31:J33) -> 691144 | K195: =SUM(K31:K33) -> 260979 | L195: =SUM(L31:L33) -> 190508.73 | M195: =SUM(M31:M33) -> 161899.8 | N195: =SUM(N31:N33) -> 1304531.5 | O195: =N195/N191-1 -> 0.15670393 | P195: =Segment!K198 -> 0.10066446 | R195: =SUM(R31:R33) -> 110394 | S195: =SUM(S31:S33) -> 20436 | T195: =SUM(T31:T33) -> 16879 | U195: =SUM(U31:U33) -> 17161 | V195: =SUM(V31:V33) -> 164870 | W195: =V195/V191-1 -> 0.12323802
...

Sheet Segment
B1: Paradise: Consolidated operating metrics
C2: Junket | F2: Drop | K2: Hold % | L2: Net Revenues | P2: VIP Visitation (=visiting days) | T2: Drop/visiting day (W mn/day)
B3: (KRW mn) | C3: Rolling chip turnover | D3: W/L | E3: Win rate % | F3: CN VIP | G3: JP VIP | H3: Other VIP | I3: Mass | J3: Total | K3: Table | L3: Junket | M3: Table | N3: Slot | O3: Total | P3: CN VIP | Q3: JP VIP | R3: Other VIP | S3: Total | T3: CN VIP | U3: JP VIP | V3: Other VIP | W3: Total
B4: 40574 | F4: =Walkerhill!G4+City!G4+Busan!G4+Jeju!G4 -> 168557.35 | G4: =Walkerhill!H4+City!H4+Busan!H4+Jeju!H4 -> 80952.128 | H4: =Walkerhill!I4+City!I4+Busan!I4+Jeju!I4 -> 40347.536 | I4: =Walkerhill!J4+City!J4+Busan!J4+Jeju!J4 -> 27836.763 | J4: =Walkerhill!K4+City!K4+Busan!K4+Jeju!K4 -> 317693.78 | K4: =M4/J4 -> 0.15129034 | M4: =Walkerhill!N4+City!N4+Busan!N4+Jeju!N4 -> 48064 | N4: =Walkerhill!O4+City!O4+Busan!O4+Jeju!O4 -> 1675 | O4: =Walkerhill!P4+City!P4+Busan!P4+Jeju!P4 -> 49739 | P4: =Walkerhill!Q4+City!Q4+Busan!Q4+Jeju!Q4 -> 4644 | Q4: =Walkerhill!R4+City!R4+Busan!R4+Jeju!R4 -> 6489 | R4: =Walkerhill!S4+City!S4+Busan!S4+Jeju!S4 -> 2464 | S4: =Walkerhill!T4+City!T4+Busan!T4+Jeju!T4 -> 13597 | T4: =Walkerhill!U4+City!U4+Busan!U4+Jeju!U4 -> 0 | ... W4: =Walkerhill!X4+City!X4+Busan!X4+Jeju!X4 -> 0
B5: 40602 | F5: =Walkerhill!G5+City!G5+Busan!G5+Jeju!G5 -> 187412.53 | G5: =Walkerhill!H5+City!H5+Busan!H5+Jeju!H5 -> 95170.045 | H5: =Walkerhill!I5+City!I5+Busan!I5+Jeju!I5 -> 30738.883 | I5: =Walkerhill!J5+City!J5+Busan!J5+Jeju!J5 -> 25502.057 | J5: =Walkerhill!K5+City!K5+Busan!K5+Jeju!K5 -> 338823.52 | K5: =M5/J5 -> 0.1099599 | M5: =Walkerhill!N5+City!N5+Busan!N5+Jeju!N5 -> 37257 | N5: =Walkerhill!O5+City!O5+Busan!O5+Jeju!O5 -> 1986 | O5: =Walkerhill!P5+City!P5+Busan!P5+Jeju!P5 -> 39243 | P5: =Walkerhill!Q5+City!Q5+Busan!Q5+Jeju!Q5 -> 5344 | Q5: =Walkerhill!R5+City!R5+Busan!R5+Jeju!R5 -> 6172 | R5: =Walkerhill!S5+City!S5+Busan!S5+Jeju!S5 -> 2165 | S5: =Walkerhill!T5+City!T5+Busan!T5+Jeju!T5 -> 13681 | T5: =Walkerhill!U5+City!U5+Busan!U5+Jeju!U5 -> 0 | ... W5: =Walkerhill!X5+City!X5+Busan!X5+Jeju!X5 -> 0
B6: 40633 | F6: =Walkerhill!G6+City!G6+Busan!G6+Jeju!G6 -> 123795.15 | G6: =Walkerhill!H6+City!H6+Busan!H6+Jeju!H6 -> 90428.219 | H6: =Walkerhill!I6+City!I6+Busan!I6+Jeju!I6 -> 52518.558 | I6: =Walkerhill!J6+City!J6+Busan!J6+Jeju!J6 -> 30304.238 | J6: =Walkerhill!K6+City!K6+Busan!K6+Jeju!K6 -> 297046.17 | K6: =M6/J6 -> 0.11625802 | M6: =Walkerhill!N6+City!N6+Busan!N6+Jeju!N6 -> 34534 | N6: =Walkerhill!O6+City!O6+Busan!O6+Jeju!O6 -> 2171 | O6: =Walkerhill!P6+City!P6+Busan!P6+Jeju!P6 -> 36705 | P6: =Walkerhill!Q6+City!Q6+Busan!Q6+Jeju!Q6 -> 3918 | Q6: =Walkerhill!R6+City!R6+Busan!R6+Jeju!R6 -> 5332 | R6: =Walkerhill!S6+City!S6+Busan!S6+Jeju!S6 -> 2601 | S6: =Walkerhill!T6+City!T6+Busan!T6+Jeju!T6 -> 11851 | T6: =Walkerhill!U6+City!U6+Busan!U6+Jeju!U6 -> 0 | ... W6: =Walkerhill!X6+City!X6+Busan!X6+Jeju!X6 -> 0
B7: 40663 | F7: =Walkerhill!G7+City!G7+Busan!G7+Jeju!G7 -> 145487.01 | G7: =Walkerhill!H7+City!H7+Busan!H7+Jeju!H7 -> 98587.848 | H7: =Walkerhill!I7+City!I7+Busan!I7+Jeju!I7 -> 41105.644 | I7: =Walkerhill!J7+City!J7+Busan!J7+Jeju!J7 -> 29321.592 | J7: =Walkerhill!K7+City!K7+Busan!K7+Jeju!K7 -> 314502.09 | K7: =M7/J7 -> 0.11098177 | M7: =Walkerhill!N7+City!N7+Busan!N7+Jeju!N7 -> 34904 | N7: =Walkerhill!O7+City!O7+Busan!O7+Jeju!O7 -> 1804 | O7: =Walkerhill!P7+City!P7+Busan!P7+Jeju!P7 -> 36708 | P7: =Walkerhill!Q7+City!Q7+Busan!Q7+Jeju!Q7 -> 4785 | Q7: =Walkerhill!R7+City!R7+Busan!R7+Jeju!R7 -> 6003 | R7: =Walkerhill!S7+City!S7+Busan!S7+Jeju!S7 -> 2481 | S7: =Walkerhill!T7+City!T7+Busan!T7+Jeju!T7 -> 13269 | T7: =Walkerhill!U7+City!U7+Busan!U7+Jeju!U7 -> 0 | ... W7: =Walkerhill!X7+City!X7+Busan!X7+Jeju!X7 -> 0
B8: 40694 | F8: =Walkerhill!G8+City!G8+Busan!G8+Jeju!G8 -> 175163.83 | G8: =Walkerhill!H8+City!H8+Busan!H8+Jeju!H8 -> 103060.93 | H8: =Walkerhill!I8+City!I8+Busan!I8+Jeju!I8 -> 43880.898 | I8: =Walkerhill!J8+City!J8+Busan!J8+Jeju!J8 -> 31186.132 | J8: =Walkerhill!K8+City!K8+Busan!K8+Jeju!K8 -> 353291.79 | K8: =M8/J8 -> 0.10125058 | M8: =Walkerhill!N8+City!N8+Busan!N8+Jeju!N8 -> 35771 | N8: =Walkerhill!O8+City!O8+Busan!O8+Jeju!O8 -> 2153 | O8: =Walkerhill!P8+City!P8+Busan!P8+Jeju!P8 -> 37924 | P8: =Walkerhill!Q8+City!Q8+Busan!Q8+Jeju!Q8 -> 5290 | Q8: =Walkerhill!R8+City!R8+Busan!R8+Jeju!R8 -> 7306 | R8: =Walkerhill!S8+City!S8+Busan!S8+Jeju!S8 -> 2250 | S8: =Walkerhill!T8+City!T8+Busan!T8+Jeju!T8 -> 14846 | T8: =Walkerhill!U8+City!U8+Busan!U8+Jeju!U8 -> 0 | ... W8: =Walkerhill!X8+City!X8+Busan!X8+Jeju!X8 -> 0
B9: 40724 | F9: =Walkerhill!G9+City!G9+Busan!G9+Jeju!G9 -> 180703.92 | G9: =Walkerhill!H9+City!H9+Busan!H9+Jeju!H9 -> 77991.86 | H9: =Walkerhill!I9+City!I9+Busan!I9+Jeju!I9 -> 37876.052 | I9: =Walkerhill!J9+City!J9+Busan!J9+Jeju!J9 -> 31416.951 | J9: =Walkerhill!K9+City!K9+Busan!K9+Jeju!K9 -> 327988.78 | K9: =M9/J9 -> 0.10614692 | M9: =Walkerhill!N9+City!N9+Busan!N9+Jeju!N9 -> 34815 | N9: =Walkerhill!O9+City!O9+Busan!O9+Jeju!O9 -> 1720 | O9: =Walkerhill!P9+City!P9+Busan!P9+Jeju!P9 -> 36535 | P9: =Walkerhill!Q9+City!Q9+Busan!Q9+Jeju!Q9 -> 4786 | Q9: =Walkerhill!R9+City!R9+Busan!R9+Jeju!R9 -> 5631 | R9: =Walkerhill!S9+City!S9+Busan!S9+Jeju!S9 -> 2047 | S9: =Walkerhill!T9+City!T9+Busan!T9+Jeju!T9 -> 12464 | T9: =Walkerhill!U9+City!U9+Busan!U9+Jeju!U9 -> 0 | ... W9: =Walkerhill!X9+City!X9+Busan!X9+Jeju!X9 -> 0
B10: 40755 | F10: =Walkerhill!G10+City!G10+Busan!G10+Jeju!G10 -> 172947.15 | G10: =Walkerhill!H10+City!H10+Busan!H10+Jeju!H10 -> 87852.964 | H10: =Walkerhill!I10+City!I10+Busan!I10+Jeju!I10 -> 47018.601 | I10: =Walkerhill!J10+City!J10+Busan!J10+Jeju!J10 -> 34428.856 | J10: =Walkerhill!K10+City!K10+Busan!K10+Jeju!K10 -> 342247.57 | K10: =M10/J10 -> 0.1274925 | M10: =Walkerhill!N10+City!N10+Busan!N10+Jeju!N10 -> 43634 | N10: =Walkerhill!O10+City!O10+Busan!O10+Jeju!O10 -> 1768 | O10: =Walkerhill!P10+City!P10+Busan!P10+Jeju!P10 -> 45402 | P10: =Walkerhill!Q10+City!Q10+Busan!Q10+Jeju!Q10 -> 5019 | Q10: =Walkerhill!R10+City!R10+Busan!R10+Jeju!R10 -> 6810 | R10: =Walkerhill!S10+City!S10+Busan!S10+Jeju!S10 -> 2130 | S10: =Walkerhill!T10+City!T10+Busan!T10+Jeju!T10 -> 13959 | T10: =Walkerhill!U10+City!U10+Busan!U10+Jeju!U10 -> 0 | ... W10: =Walkerhill!X10+City!X10+Busan!X10+Jeju!X10 -> 0
B11: 40786 | F11: =Walkerhill!G11+City!G11+Busan!G11+Jeju!G11 -> 181335.45 | G11: =Walkerhill!H11+City!H11+Busan!H11+Jeju!H11 -> 86426.677 | H11: =Walkerhill!I11+City!I11+Busan!I11+Jeju!I11 -> 45156.507 | I11: =Walkerhill!J11+City!J11+Busan!J11+Jeju!J11 -> 43740.602 | J11: =Walkerhill!K11+City!K11+Busan!K11+Jeju!K11 -> 356659.23 | K11: =M11/J11 -> 0.12131187 | M11: =Walkerhill!N11+City!N11+Busan!N11+Jeju!N11 -> 43267 | N11: =Walkerhill!O11+City!O11+Busan!O11+Jeju!O11 -> 1841 | O11: =Walkerhill!P11+City!P11+Busan!P11+Jeju!P11 -> 45108 | P11: =Walkerhill!Q11+City!Q11+Busan!Q11+Jeju!Q11 -> 5264 | Q11: =Walkerhill!R11+City!R11+Busan!R11+Jeju!R11 -> 6196 | R11: =Walkerhill!S11+City!S11+Busan!S11+Jeju!S11 -> 2107 | S11: =Walkerhill!T11+City!T11+Busan!T11+Jeju!T11 -> 13567 | T11: =Walkerhill!U11+City!U11+Busan!U11+Jeju!U11 -> 0 | ... W11: =Walkerhill!X11+City!X11+Busan!X11+Jeju!X11 -> 0
B12: 40816 | F12: =Walkerhill!G12+City!G12+Busan!G12+Jeju!G12 -> 153996 | G12: =Walkerhill!H12+City!H12+Busan!H12+Jeju!H12 -> 119504.3 | H12: =Walkerhill!I12+City!I12+Busan!I12+Jeju!I12 -> 55185.412 | I12: =Walkerhill!J12+City!J12+Busan!J12+Jeju!J12 -> 33332.307 | J12: =Walkerhill!K12+City!K12+Busan!K12+Jeju!K12 -> 362018.01 | K12: =M12/J12 -> 0.095188634 | M12: =Walkerhill!N12+City!N12+Busan!N12+Jeju!N12 -> 34460 | N12: =Walkerhill!O12+City!O12+Busan!O12+Jeju!O12 -> 2202 | O12: =Walkerhill!P12+City!P12+Busan!P12+Jeju!P12 -> 36662 | P12: =Walkerhill!Q12+City!Q12+Busan!Q12+Jeju!Q12 -> 4506 | Q12: =Walkerhill!R12+City!R12+Busan!R12+Jeju!R12 -> 6768 | R12: =Walkerhill!S12+City!S12+Busan!S12+Jeju!S12 -> 2377 | S12: =Walkerhill!T12+City!T12+Busan!T12+Jeju!T12 -> 13651 | T12: =Walkerhill!U12+City!U12+Busan!U12+Jeju!U12 -> 0 | ... W12: =Walkerhill!X12+City!X12+Busan!X12+Jeju!X12 -> 0
B13: 40847 | F13: =Walkerhill!G13+City!G13+Busan!G13+Jeju!G13 -> 244349.9 | G13: =Walkerhill!H13+City!H13+Busan!H13+Jeju!H13 -> 105749.99 | H13: =Walkerhill!I13+City!I13+Busan!I13+Jeju!I13 -> 73164.76 | I13: =Walkerhill!J13+City!J13+Busan!J13+Jeju!J13 -> 43669.181 | J13: =Walkerhill!K13+City!K13+Busan!K13+Jeju!K13 -> 466933.83 | K13: =M13/J13 -> 0.13187307 | M13: =Walkerhill!N13+City!N13+Busan!N13+Jeju!N13 -> 61576 | N13: =Walkerhill!O13+City!O13+Busan!O13+Jeju!O13 -> 2354 | O13: =Walkerhill!P13+City!P13+Busan!P13+Jeju!P13 -> 63930 | P13: =Walkerhill!Q13+City!Q13+Busan!Q13+Jeju!Q13 -> 7060 | Q13: =Walkerhill!R13+City!R13+Busan!R13+Jeju!R13 -> 5834 | R13: =Walkerhill!S13+City!S13+Busan!S13+Jeju!S13 -> 2461 | S13: =Walkerhill!T13+City!T13+Busan!T13+Jeju!T13 -> 15355 | T13: =Walkerhill!U13+City!U13+Busan!U13+Jeju!U13 -> 0 | ... W13: =Walkerhill!X13+City!X13+Busan!X13+Jeju!X13 -> 0
B14: 40877 | F14: =Walkerhill!G14+City!G14+Busan!G14+Jeju!G14 -> 173992.41 | G14: =Walkerhill!H14+City!H14+Busan!H14+Jeju!H14 -> 89570.984 | H14: =Walkerhill!I14+City!I14+Busan!I14+Jeju!I14 -> 44075.232 | I14: =Walkerhill!J14+City!J14+Busan!J14+Jeju!J14 -> 41067.892 | J14: =Walkerhill!K14+City!K14+Busan!K14+Jeju!K14 -> 348706.52 | K14: =M14/J14 -> 0.1434358 | M14: =Walkerhill!N14+City!N14+Busan!N14+Jeju!N14 -> 50017 | N14: =Walkerhill!O14+City!O14+Busan!O14+Jeju!O14 -> 2618 | O14: =Walkerhill!P14+City!P14+Busan!P14+Jeju!P14 -> 52635 | P14: =Walkerhill!Q14+City!Q14+Busan!Q14+Jeju!Q14 -> 5035 | Q14: =Walkerhill!R14+City!R14+Busan!R14+Jeju!R14 -> 5745 | R14: =Walkerhill!S14+City!S14+Busan!S14+Jeju!S14 -> 2294 | S14: =Walkerhill!T14+City!T14+Busan!T14+Jeju!T14 -> 13074 | T14: =Walkerhill!U14+City!U14+Busan!U14+Jeju!U14 -> 0 | ... W14: =Walkerhill!X14+City!X14+Busan!X14+Jeju!X14 -> 0
B15: 40908 | F15: =Walkerhill!G15+City!G15+Busan!G15+Jeju!G15 -> 182261.08 | G15: =Walkerhill!H15+City!H15+Busan!H15+Jeju!H15 -> 89366.932 | H15: =Walkerhill!I15+City!I15+Busan!I15+Jeju!I15 -> 37717.606 | I15: =Walkerhill!J15+City!J15+Busan!J15+Jeju!J15 -> 38715.86 | J15: =Walkerhill!K15+City!K15+Busan!K15+Jeju!K15 -> 348061.47 | K15: =M15/J15 -> 0.11266113 | M15: =Walkerhill!N15+City!N15+Busan!N15+Jeju!N15 -> 39213 | N15: =Walkerhill!O15+City!O15+Busan!O15+Jeju!O15 -> 2300 | O15: =Walkerhill!P15+City!P15+Busan!P15+Jeju!P15 -> 41513 | P15: =Walkerhill!Q15+City!Q15+Busan!Q15+Jeju!Q15 -> 5139 | Q15: =Walkerhill!R15+City!R15+Busan!R15+Jeju!R15 -> 6296 | R15: =Walkerhill!S15+City!S15+Busan!S15+Jeju!S15 -> 2134 | S15: =Walkerhill!T15+City!T15+Busan!T15+Jeju!T15 -> 13569 | T15: =Walkerhill!U15+City!U15+Busan!U15+Jeju!U15 -> 0 | ... W15: =Walkerhill!X15+City!X15+Busan!X15+Jeju!X15 -> 0
... B61: 42308 | F61: =Walkerhill!G61+City!G61+Busan!G61+Jeju!G61 -> 244132.9 | G61: =Walkerhill!H61+City!H61+Busan!H61+Jeju!H61 -> 107846.38 | H61: =Walkerhill!I61+City!I61+Busan!I61+Jeju!I61 -> 46336.234 | I61: =Walkerhill!J61+City!J61+Busan!J61+Jeju!J61 -> 45759.65 | J61: =Walkerhill!K61+City!K61+Busan!K61+Jeju!K61 -> 444075.17 | K61: =M61/J61 -> 0.14414452 | M61: =Walkerhill!N61+City!N61+Busan!N61+Jeju!N61 -> 64011 | N61: =Walkerhill!O61+City!O61+Busan!O61+Jeju!O61 -> 3115 | O61: =Walkerhill!P61+City!P61+Busan!P61+Jeju!P61 -> 67126 | P61: =Walkerhill!Q61+City!Q61+Busan!Q61+Jeju!Q61 -> 5614 | Q61: =Walkerhill!R61+City!R61+Busan!R61+Jeju!R61 -> 4969 | R61: =Walkerhill!S61+City!S61+Busan!S61+Jeju!S61 -> 3901 | S61: =Walkerhill!T61+City!T61+Busan!T61+Jeju!T61 -> 14484 | T61: =Walkerhill!U61+City!U61+Busan!U61+Jeju!U61 -> 187.31995 | ... W61: =Walkerhill!X61+City!X61+Busan!X61+Jeju!X61 -> 119.94072
B62: =EOMONTH(B61,1) -> 42338 | F62: =Walkerhill!G62+City!G62+Busan!G62+Jeju!G62 -> 178961.34 | G62: =Walkerhill!H62+City!H62+Busan!H62+Jeju!H62 -> 78802.294 | H62: =Walkerhill!I62+City!I62+Busan!I62+Jeju!I62 -> 44079.467 | I62: =Walkerhill!J62+City!J62+Busan!J62+Jeju!J62 -> 40032.456 | J62: =Walkerhill!K62+City!K62+Busan!K62+Jeju!K62 -> 341875.56 | K62: =M62/J62 -> 0.13640343 | M62: =Walkerhill!N62+City!N62+Busan!N62+Jeju!N62 -> 46633 | N62: =Walkerhill!O62+City!O62+Busan!O62+Jeju!O62 -> 3668 | O62: =Walkerhill!P62+City!P62+Busan!P62+Jeju!P62 -> 50301 | P62: =Walkerhill!Q62+City!Q62+Busan!Q62+Jeju!Q62 -> 4365 | Q62: =Walkerhill!R62+City!R62+Busan!R62+Jeju!R62 -> 5194 | R62: =Walkerhill!S62+City!S62+Busan!S62+Jeju!S62 -> 3490 | S62: =Walkerhill!T62+City!T62+Busan!T62+Jeju!T62 -> 13049 | T62: =Walkerhill!U62+City!U62+Busan!U62+Jeju!U62 -> 187.05665 | ... W62: =Walkerhill!X62+City!X62+Busan!X62+Jeju!X62 -> 109.78389
B63: =EOMONTH(B62,1) -> 42369 | F63: =Walkerhill!G63+City!G63+Busan!G63+Jeju!G63 -> 189866.69 | G63: =Walkerhill!H63+City!H63+Busan!H63+Jeju!H63 -> 84621.781 | H63: =Walkerhill!I63+City!I63+Busan!I63+Jeju!I63 -> 54151.005 | I63: =Walkerhill!J63+City!J63+Busan!J63+Jeju!J63 -> 43769.561 | J63: =Walkerhill!K63+City!K63+Busan!K63+Jeju!K63 -> 372409.04 | K63: =M63/J63 -> 0.097755415 | M63: =Walkerhill!N63+City!N63+Busan!N63+Jeju!N63 -> 36405 | N63: =Walkerhill!O63+City!O63+Busan!O63+Jeju!O63 -> 3255 | O63: =Walkerhill!P63+City!P63+Busan!P63+Jeju!P63 -> 39660 | P63: =Walkerhill!Q63+City!Q63+Busan!Q63+Jeju!Q63 -> 4902 | Q63: =Walkerhill!R63+City!R63+Busan!R63+Jeju!R63 -> 4945 | R63: =Walkerhill!S63+City!S63+Busan!S63+Jeju!S63 -> 3415 | S63: =Walkerhill!T63+City!T63+Busan!T63+Jeju!T63 -> 13262 | T63: =Walkerhill!U63+City!U63+Busan!U63+Jeju!U63 -> 190.45334 | ... W63: =Walkerhill!X63+City!X63+Busan!X63+Jeju!X63 -> 111.53183
B64: =EOMONTH(B63,1) -> 42400 | F64: =Walkerhill!G64+City!G64+Busan!G64+Jeju!G64 -> 220087.09 | G64: =Walkerhill!H64+City!H64+Busan!H64+Jeju!H64 -> 98598.787 | H64: =Walkerhill!I64+City!I64+Busan!I64+Jeju!I64 -> 56359.603 | I64: =Walkerhill!J64+City!J64+Busan!J64+Jeju!J64 -> 40662.433 | J64: =Walkerhill!K64+City!K64+Busan!K64+Jeju!K64 -> 415707.92 | K64: =M64/J64 -> 0.12869132 | M64: =Walkerhill!N64+City!N64+Busan!N64+Jeju!N64 -> 53498 | N64: =Walkerhill!O64+City!O64+Busan!O64+Jeju!O64 -> 2901 | O64: =Walkerhill!P64+City!P64+Busan!P64+Jeju!P64 -> 56399 | P64: =Walkerhill!Q64+City!Q64+Busan!Q64+Jeju!Q64 -> 4979 | Q64: =Walkerhill!R64+City!R64+Busan!R64+Jeju!R64 -> 5312 | R64: =Walkerhill!S64+City!S64+Busan!S64+Jeju!S64 -> 3714 | S64: =Walkerhill!T64+City!T64+Busan!T64+Jeju!T64 -> 14005 | T64: =Walkerhill!U64+City!U64+Busan!U64+Jeju!U64 -> 183.01262 | ... W64: =Walkerhill!X64+City!X64+Busan!X64+Jeju!X64 -> 120.98841
B65: =EOMONTH(B64,1) -> 42429 | F65: =Walkerhill!G65+City!G65+Busan!G65+Jeju!G65 -> 230132.16 | G65: =Walkerhill!H65+City!H65+Busan!H65+Jeju!H65 -> 91520.686 | H65: =Walkerhill!I65+City!I65+Busan!I65+Jeju!I65 -> 49079.019 | I65: =Walkerhill!J65+City!J65+Busan!J65+Jeju!J65 -> 40487.021 | J65: =Walkerhill!K65+City!K65+Busan!K65+Jeju!K65 -> 411218.88 | K65: =M65/J65 -> 0.084833167 | M65: =Walkerhill!N65+City!N65+Busan!N65+Jeju!N65 -> 34885 | N65: =Walkerhill!O65+City!O65+Busan!O65+Jeju!O65 -> 2655 | O65: =Walkerhill!P65+City!P65+Busan!P65+Jeju!P65 -> 37540 | P65: =Walkerhill!Q65+City!Q65+Busan!Q65+Jeju!Q65 -> 4949 | Q65: =Walkerhill!R65+City!R65+Busan!R65+Jeju!R65 -> 3983 | R65: =Walkerhill!S65+City!S65+Busan!S65+Jeju!S65 -> 3612 | S65: =Walkerhill!T65+City!T65+Busan!T65+Jeju!T65 -> 12544 | T65: =Walkerhill!U65+City!U65+Busan!U65+Jeju!U65 -> 194.50321 | ... W65: =Walkerhill!X65+City!X65+Busan!X65+Jeju!X65 -> 134.15364
B66: =EOMONTH(B65,1) -> 42460 | F66: =Walkerhill!G66+City!G66+Busan!G66+Jeju!G66 -> 202122.42 | G66: =Walkerhill!H66+City!H66+Busan!H66+Jeju!H66 -> 106242.59 | H66: =Walkerhill!I66+City!I66+Busan!I66+Jeju!I66 -> 57770.647 | I66: =Walkerhill!J66+City!J66+Busan!J66+Jeju!J66 -> 39478.178 | J66: =Walkerhill!K66+City!K66+Busan!K66+Jeju!K66 -> 405613.84 | K66: =M66/J66 -> 0.10177168 | M66: =Walkerhill!N66+City!N66+Busan!N66+Jeju!N66 -> 41280 | N66: =Walkerhill!O66+City!O66+Busan!O66+Jeju!O66 -> 2749 | O66: =Walkerhill!P66+City!P66+Busan!P66+Jeju!P66 -> 44029 | P66: =Walkerhill!Q66+City!Q66+Busan!Q66+Jeju!Q66 -> 4218 | Q66: =Walkerhill!R66+City!R66+Busan!R66+Jeju!R66 -> 5161 | R66: =Walkerhill!S66+City!S66+Busan!S66+Jeju!S66 -> 3971 | S66: =Walkerhill!T66+City!T66+Busan!T66+Jeju!T66 -> 13350 | T66: =Walkerhill!U66+City!U66+Busan!U66+Jeju!U66 -> 208.69723 | ... W66: =Walkerhill!X66+City!X66+Busan!X66+Jeju!X66 -> 127.65247
B67: =EOMONTH(B66,1) -> 42490 | F67: =Walkerhill!G67+City!G67+Busan!G67+Jeju!G67 -> 217642.38 | G67: =Walkerhill!H67+City!H67+Busan!H67+Jeju!H67 -> 96209.358 | H67: =Walkerhill!I67+City!I67+Busan!I67+Jeju!I67 -> 56847.843 | I67: =Walkerhill!J67+City!J67+Busan!J67+Jeju!J67 -> 44498.1 | J67: =Walkerhill!K67+City!K67+Busan!K67+Jeju!K67 -> 415197.68 | K67: =M67/J67 -> 0.12707682 | M67: =Walkerhill!N67+City!N67+Busan!N67+Jeju!N67 -> 52762 | N67: =Walkerhill!O67+City!O67+Busan!O67+Jeju!O67 -> 3319 | O67: =Walkerhill!P67+City!P67+Busan!P67+Jeju!P67 -> 56081 | P67: =Walkerhill!Q67+City!Q67+Busan!Q67+Jeju!Q67 -> 4514 | Q67: =Walkerhill!R67+City!R67+Busan!R67+Jeju!R67 -> 4681 | R67: =Walkerhill!S67+City!S67+Busan!S67+Jeju!S67 -> 3998 | S67: =Walkerhill!T67+City!T67+Busan!T67+Jeju!T67 -> 13193 | T67: =Walkerhill!U67+City!U67+Busan!U67+Jeju!U67 -> 198.22198 | ... W67: =Walkerhill!X67+City!X67+Busan!X67+Jeju!X67 -> 122.00889
B68: =EOMONTH(B67,1) -> 42521 | F68: =Walkerhill!G68+City!G68+Busan!G68+Jeju!G68 -> 195276.04 | G68: =Walkerhill!H68+City!H68+Busan!H68+Jeju!H68 -> 110604.46 | H68: =Walkerhill!I68+City!I68+Busan!I68+Jeju!I68 -> 56644.337 | I68: =Walkerhill!J68+City!J68+Busan!J68+Jeju!J68 -> 48919.375 | J68: =Walkerhill!K68+City!K68+Busan!K68+Jeju!K68 -> 411444.21 | K68: =M68/J68 -> 0.13741596 | M68: =Walkerhill!N68+City!N68+Busan!N68+Jeju!N68 -> 56539 | N68: =Walkerhill!O68+City!O68+Busan!O68+Jeju!O68 -> 3180 | O68: =Walkerhill!P68+City!P68+Busan!P68+Jeju!P68 -> 59719 | P68: =Walkerhill!Q68+City!Q68+Busan!Q68+Jeju!Q68 -> 5257 | Q68: =Walkerhill!R68+City!R68+Busan!R68+Jeju!R68 -> 6114 | R68: =Walkerhill!S68+City!S68+Busan!S68+Jeju!S68 -> 3930 | S68: =Walkerhill!T68+City!T68+Busan!T68+Jeju!T68 -> 15301 | T68: =Walkerhill!U68+City!U68+Busan!U68+Jeju!U68 -> 160.41183 | ... W68: =Walkerhill!X68+City!X68+Busan!X68+Jeju!X68 -> 102.14235
B69: =EOMONTH(B68,1) -> 42551 | F69: =Walkerhill!G69+City!G69+Busan!G69+Jeju!G69 -> 194004.01 | G69: =Walkerhill!H69+City!H69+Busan!H69+Jeju!H69 -> 80593.884 | H69: =Walkerhill!I69+City!I69+Busan!I69+Jeju!I69 -> 48842.771 | I69: =Walkerhill!J69+City!J69+Busan!J69+Jeju!J69 -> 49030.206 | J69: =Walkerhill!K69+City!K69+Busan!K69+Jeju!K69 -> 372470.87 | K69: =M69/J69 -> 0.12852549 | M69: =Walkerhill!N69+City!N69+Busan!N69+Jeju!N69 -> 47872 | N69: =Walkerhill!O69+City!O69+Busan!O69+Jeju!O69 -> 3071 | O69: =Walkerhill!P69+City!P69+Busan!P69+Jeju!P69 -> 50943 | P69: =Walkerhill!Q69+City!Q69+Busan!Q69+Jeju!Q69 -> 4899 | Q69: =Walkerhill!R69+City!R69+Busan!R69+Jeju!R69 -> 4299 | R69: =Walkerhill!S69+City!S69+Busan!S69+Jeju!S69 -> 3731 | S69: =Walkerhill!T69+City!T69+Busan!T69+Jeju!T69 -> 12929 | T69: =Walkerhill!U69+City!U69+Busan!U69+Jeju!U69 -> 152.10763 | ... W69: =Walkerhill!X69+City!X69+Busan!X69+Jeju!X69 -> 106.96369
B70: =EOMONTH(B69,1) -> 42582 | F70: =Walkerhill!G70+City!G70+Busan!G70+Jeju!G70 -> 184423.64 | G70: =Walkerhill!H70+City!H70+Busan!H70+Jeju!H70 -> 113969.21 | H70: =Walkerhill!I70+City!I70+Busan!I70+Jeju!I70 -> 49985.782 | I70: =Walkerhill!J70+City!J70+Busan!J70+Jeju!J70 -> 53905.196 | J70: =Walkerhill!K70+City!K70+Busan!K70+Jeju!K70 -> 402283.83 | K70: =M70/J70 -> 0.11352681 | M70: =Walkerhill!N70+City!N70+Busan!N70+Jeju!N70 -> 45670 | N70: =Walkerhill!O70+City!O70+Busan!O70+Jeju!O70 -> 3457 | O70: =Walkerhill!P70+City!P70+Busan!P70+Jeju!P70 -> 49127 | P70: =Walkerhill!Q70+City!Q70+Busan!Q70+Jeju!Q70 -> 4725 | Q70: =Walkerhill!R70+City!R70+Busan!R70+Jeju!R70 -> 5304 | R70: =Walkerhill!S70+City!S70+Busan!S70+Jeju!S70 -> 3973 | S70: =Walkerhill!T70+City!T70+Busan!T70+Jeju!T70 -> 14002 | T70: =Walkerhill!U70+City!U70+Busan!U70+Jeju!U70 -> 165.10291 | ... W70: =Walkerhill!X70+City!X70+Busan!X70+Jeju!X70 -> 114.39059
B71: =EOMONTH(B70,1) -> 42613 | F71: =Walkerhill!G71+City!G71+Busan!G71+Jeju!G71 -> 164928.5 | G71: =Walkerhill!H71+City!H71+Busan!H71+Jeju!H71 -> 104101.6 | H71: =Walkerhill!I71+City!I71+Busan!I71+Jeju!I71 -> 60291.997 | I71: =Walkerhill!J71+City!J71+Busan!J71+Jeju!J71 -> 50349.017 | J71: =Walkerhill!K71+City!K71+Busan!K71+Jeju!K71 -> 379671.11 | K71: =M71/J71 -> 0.1462845 | M71: =Walkerhill!N71+City!N71+Busan!N71+Jeju!N71 -> 55540 | N71: =Walkerhill!O71+City!O71+Busan!O71+Jeju!O71 -> 2439 | O71: =Walkerhill!P71+City!P71+Busan!P71+Jeju!P71 -> 57979 | P71: =Walkerhill!Q71+City!Q71+Busan!Q71+Jeju!Q71 -> 3986 | Q71: =Walkerhill!R71+City!R71+Busan!R71+Jeju!R71 -> 5391 | R71: =Walkerhill!S71+City!S71+Busan!S71+Jeju!S71 -> 4007 | S71: =Walkerhill!T71+City!T71+Busan!T71+Jeju!T71 -> 13384 | T71: =Walkerhill!U71+City!U71+Busan!U71+Jeju!U71 -> 169.01699 | ... W71: =Walkerhill!X71+City!X71+Busan!X71+Jeju!X71 -> 107.84219
B72: =EOMONTH(B71,1) -> 42643 | F72: =Walkerhill!G72+City!G72+Busan!G72+Jeju!G72 -> 168505.55 | G72: =Walkerhill!H72+City!H72+Busan!H72+Jeju!H72 -> 113692.34 | H72: =Walkerhill!I72+City!I72+Busan!I72+Jeju!I72 -> 53242.379 | I72: =Walkerhill!J72+City!J72+Busan!J72+Jeju!J72 -> 54180.387 | J72: =Walkerhill!K72+City!K72+Busan!K72+Jeju!K72 -> 389620.66 | K72: =M72/J72 -> 0.096930178 | M72: =Walkerhill!N72+City!N72+Busan!N72+Jeju!N72 -> 37766 | N72: =Walkerhill!O72+City!O72+Busan!O72+Jeju!O72 -> 3011 | O72: =Walkerhill!P72+City!P72+Busan!P72+Jeju!P72 -> 40777 | P72: =Walkerhill!Q72+City!Q72+Busan!Q72+Jeju!Q72 -> 3867 | Q72: =Walkerhill!R72+City!R72+Busan!R72+Jeju!R72 -> 5360 | R72: =Walkerhill!S72+City!S72+Busan!S72+Jeju!S72 -> 3704 | S72: =Walkerhill!T72+City!T72+Busan!T72+Jeju!T72 -> 12931 | T72: =Walkerhill!U72+City!U72+Busan!U72+Jeju!U72 -> 177.03731 | ... W72: =Walkerhill!X72+City!X72+Busan!X72+Jeju!X72 -> 117.73901
B73: =EOMONTH(B72,1) -> 42674 | F73: =Walkerhill!G73+City!G73+Busan!G73+Jeju!G73 -> 212175.53 | G73: =Walkerhill!H73+City!H73+Busan!H73+Jeju!H73 -> 117153.93 | H73: =Walkerhill!I73+City!I73+Busan!I73+Jeju!I73 -> 53277.596 | I73: =Walkerhill!J73+City!J73+Busan!J73+Jeju!J73 -> 58705.703 | J73: =Walkerhill!K73+City!K73+Busan!K73+Jeju!K73 -> 441312.76 | K73: =M73/J73 -> 0.11495022 | M73: =Walkerhill!N73+City!N73+Busan!N73+Jeju!N73 -> 50729 | N73: =Walkerhill!O73+City!O73+Busan!O73+Jeju!O73 -> 3330 | O73: =Walkerhill!P73+City!P73+Busan!P73+Jeju!P73 -> 54059 | P73: =Walkerhill!Q73+City!Q73+Busan!Q73+Jeju!Q73 -> 5456 | Q73: =Walkerhill!R73+City!R73+Busan!R73+Jeju!R73 -> 5838 | R73: =Walkerhill!S73+City!S73+Busan!S73+Jeju!S73 -> 3885 | S73: =Walkerhill!T73+City!T73+Busan!T73+Jeju!T73 -> 15179 | T73: =Walkerhill!U73+City!U73+Busan!U73+Jeju!U73 -> 160.07647 | ... W73: =Walkerhill!X73+City!X73+Busan!X73+Jeju!X73 -> 106.02436
... B87: =EOMONTH(B86,1) -> 43100 | F87: =Walkerhill!G87+City!G87+Busan!G87+Jeju!G87 -> 109093.13 | G87: =Walkerhill!H87+City!H87+Busan!H87+Jeju!H87 -> 125511.81 | H87: =Walkerhill!I87+City!I87+Busan!I87+Jeju!I87 -> 100795.99 | I87: =Walkerhill!J87+City!J87+Busan!J87+Jeju!J87 -> 85542.898 | J87: =Walkerhill!K87+City!K87+Busan!K87+Jeju!K87 -> 420943.84 | K87: =M87/J87 -> 0.11553085 | M87: =Walkerhill!N87+City!N87+Busan!N87+Jeju!N87 -> 48632 | N87: =Walkerhill!O87+City!O87+Busan!O87+Jeju!O87 -> 2590 | O87: =Walkerhill!P87+City!P87+Busan!P87+Jeju!P87 -> 51222 | P87: =Walkerhill!Q87+City!Q87+Busan!Q87+Jeju!Q87 -> 2388 | Q87: =Walkerhill!R87+City!R87+Busan!R87+Jeju!R87 -> 5948 | R87: =Walkerhill!S87+City!S87+Busan!S87+Jeju!S87 -> 5343 | S87: =Walkerhill!T87+City!T87+Busan!T87+Jeju!T87 -> 13679 | T87: =Walkerhill!U87+City!U87+Busan!U87+Jeju!U87 -> 154.16161 | ... W87: =Walkerhill!X87+City!X87+Busan!X87+Jeju!X87 -> 91.976366
B88: =EOMONTH(B87,1) -> 43131 | C88: =Walkerhill!C88+City!C88+Busan!C88+Jeju!C88 -> 141461 | D88: =Walkerhill!D88+City!D88+Busan!D88+Jeju!D88 -> 600 | E88: =D88/C88 -> 0.0042414517 | F88: =Walkerhill!G88+City!G88+Busan!G88+Jeju!G88 -> 97835.183 | G88: =Walkerhill!H88+City!H88+Busan!H88+Jeju!H88 -> 143390.55 | H88: =Walkerhill!I88+City!I88+Busan!I88+Jeju!I88 -> 101487.47 | I88: =Walkerhill!J88+City!J88+Busan!J88+Jeju!J88 -> 82165.373 | J88: =Walkerhill!K88+City!K88+Busan!K88+Jeju!K88 -> 424878.57 | K88: =M88/J88 -> 0.11913051 | M88: =Walkerhill!N88+City!N88+Busan!N88+Jeju!N88 -> 50616 | N88: =Walkerhill!O88+City!O88+Busan!O88+Jeju!O88 -> 3820 | O88: =Walkerhill!P88+City!P88+Busan!P88+Jeju!P88 -> 53698 | P88: =Walkerhill!Q88+City!Q88+Busan!Q88+Jeju!Q88 -> 2607 | Q88: =Walkerhill!R88+City!R88+Busan!R88+Jeju!R88 -> 6140 | R88: =Walkerhill!S88+City!S88+Busan!S88+Jeju!S88 -> 5474 | S88: =Walkerhill!T88+City!T88+Busan!T88+Jeju!T88 -> 14221 | T88: =Walkerhill!U88+City!U88+Busan!U88+Jeju!U88 -> 141.47638 | ... W88: =Walkerhill!X88+City!X88+Busan!X88+Jeju!X88 -> 93.528278
B89: =EOMONTH(B88,1) -> 43159 | C89: =Walkerhill!C89+City!C89+Busan!C89+Jeju!C89 -> 169077 | D89: =Walkerhill!D89+City!D89+Busan!D89+Jeju!D89 -> 3698 | E89: =D89/C89 -> 0.021871692 | F89: =Walkerhill!G89+City!G89+Busan!G89+Jeju!G89 -> 89182.954 | G89: =Walkerhill!H89+City!H89+Busan!H89+Jeju!H89 -> 154482.48 | H89: =Walkerhill!I89+City!I89+Busan!I89+Jeju!I89 -> 95004.605 | I89: =Walkerhill!J89+City!J89+Busan!J89+Jeju!J89 -> 65851.044 | J89: =Walkerhill!K89+City!K89+Busan!K89+Jeju!K89 -> 404521.09 | K89: =M89/J89 -> 0.097139559 | M89: =Walkerhill!N89+City!N89+Busan!N89+Jeju!N89 -> 39295 | N89: =Walkerhill!O89+City!O89+Busan!O89+Jeju!O89 -> 3541 | O89: =Walkerhill!P89+City!P89+Busan!P89+Jeju!P89 -> 43462 | P89: =Walkerhill!Q89+City!Q89+Busan!Q89+Jeju!Q89 -> 2780 | Q89: =Walkerhill!R89+City!R89+Busan!R89+Jeju!R89 -> 4788 | R89: =Walkerhill!S89+City!S89+Busan!S89+Jeju!S89 -> 4962 | S89: =Walkerhill!T89+City!T89+Busan!T89+Jeju!T89 -> 12530 | T89: =Walkerhill!U89+City!U89+Busan!U89+Jeju!U89 -> 122.55178 | ... W89: =Walkerhill!X89+City!X89+Busan!X89+Jeju!X89 -> 106.34056
B90: =EOMONTH(B89,1) -> 43190 | C90: =Walkerhill!C90+City!C90+Busan!C90+Jeju!C90 -> 102313 | D90: =Walkerhill!D90+City!D90+Busan!D90+Jeju!D90 -> 3708 | E90: =D90/C90 -> 0.036241729 | F90: =Walkerhill!G90+City!G90+Busan!G90+Jeju!G90 -> 94619.327 | G90: =Walkerhill!H90+City!H90+Busan!H90+Jeju!H90 -> 213489.77 | H90: =Walkerhill!I90+City!I90+Busan!I90+Jeju!I90 -> 110176.37 | I90: =Walkerhill!J90+City!J90+Busan!J90+Jeju!J90 -> 69739.944 | J90: =Walkerhill!K90+City!K90+Busan!K90+Jeju!K90 -> 488025.42 | K90: =M90/J90 -> 0.09601549 | M90: =Walkerhill!N90+City!N90+Busan!N90+Jeju!N90 -> 46858 | N90: =Walkerhill!O90+City!O90+Busan!O90+Jeju!O90 -> 3439 | O90: =Walkerhill!P90+City!P90+Busan!P90+Jeju!P90 -> 51069 | P90: =Walkerhill!Q90+City!Q90+Busan!Q90+Jeju!Q90 -> 2573 | Q90: =Walkerhill!R90+City!R90+Busan!R90+Jeju!R90 -> 5493 | R90: =Walkerhill!S90+City!S90+Busan!S90+Jeju!S90 -> 5323 | S90: =Walkerhill!T90+City!T90+Busan!T90+Jeju!T90 -> 13389 | T90: =Walkerhill!U90+City!U90+Busan!U90+Jeju!U90 -> 146.83211 | ... W90: =Walkerhill!X90+City!X90+Busan!X90+Jeju!X90 -> 116.25697
B91: =EOMONTH(B90,1) -> 43220 | C91: =Walkerhill!C91+City!C91+Busan!C91+Jeju!C91 -> 197052 | D91: =Walkerhill!D91+City!D91+Busan!D91+Jeju!D91 -> 8880 | E91: =D91/C91 -> 0.045064247 | F91: =Walkerhill!G91+City!G91+Busan!G91+Jeju!G91 -> 102987.4 | G91: =Walkerhill!H91+City!H91+Busan!H91+Jeju!H91 -> 166738.81 | H91: =Walkerhill!I91+City!I91+Busan!I91+Jeju!I91 -> 107361.7 | I91: =Walkerhill!J91+City!J91+Busan!J91+Jeju!J91 -> 71165.733 | J91: =Walkerhill!K91+City!K91+Busan!K91+Jeju!K91 -> 448253.65 | K91: =M91/J91 -> 0.072677602 | M91: =Walkerhill!N91+City!N91+Busan!N91+Jeju!N91 -> 32578 | N91: =Walkerhill!O91+City!O91+Busan!O91+Jeju!O91 -> 2720 | O91: =Walkerhill!P91+City!P91+Busan!P91+Jeju!P91 -> 38211 | P91: =Walkerhill!Q91+City!Q91+Busan!Q91+Jeju!Q91 -> 3032 | Q91: =Walkerhill!R91+City!R91+Busan!R91+Jeju!R91 -> 6605 | R91: =Walkerhill!S91+City!S91+Busan!S91+Jeju!S91 -> 5386 | S91: =Walkerhill!T91+City!T91+Busan!T91+Jeju!T91 -> 15023 | T91: =Walkerhill!U91+City!U91+Busan!U91+Jeju!U91 -> 133.5691 | ... W91: =Walkerhill!X91+City!X91+Busan!X91+Jeju!X91 -> 103.9628
B92: =EOMONTH(B91,1) -> 43251 | C92: =Walkerhill!C92+City!C92+Busan!C92+Jeju!C92 -> 203143 | D92: =Walkerhill!D92+City!D92+Busan!D92+Jeju!D92 -> -2193 | E92: =D92/C92 -> -0.010795351 | F92: =Walkerhill!G92+City!G92+Busan!G92+Jeju!G92 -> 91940.113 | G92: =Walkerhill!H92+City!H92+Busan!H92+Jeju!H92 -> 185601.06 | H92: =Walkerhill!I92+City!I92+Busan!I92+Jeju!I92 -> 109353.9 | I92: =Walkerhill!J92+City!J92+Busan!J92+Jeju!J92 -> 76728.33 | J92: =Walkerhill!K92+City!K92+Busan!K92+Jeju!K92 -> 463623.4 | K92: =M92/J92 -> 0.10808126 | M92: =Walkerhill!N92+City!N92+Busan!N92+Jeju!N92 -> 50109 | N92: =Walkerhill!O92+City!O92+Busan!O92+Jeju!O92 -> 4427 | O92: =Walkerhill!P92+City!P92+Busan!P92+Jeju!P92 -> 51846 | P92: =Walkerhill!Q92+City!Q92+Busan!Q92+Jeju!Q92 -> 2721 | Q92: =Walkerhill!R92+City!R92+Busan!R92+Jeju!R92 -> 6805 | R92: =Walkerhill!S92+City!S92+Busan!S92+Jeju!S92 -> 5743 | S92: =Walkerhill!T92+City!T92+Busan!T92+Jeju!T92 -> 15269 | T92: =Walkerhill!U92+City!U92+Busan!U92+Jeju!U92 -> 133.81226 | ... W92: =Walkerhill!X92+City!X92+Busan!X92+Jeju!X92 -> 100.29428
